,f_count=1,f_count=2,f_count=3,f_count=4,f_count=5,f_count=6,f_count=7,f_count=8,f_count=9,f_count=10,f_count=11,f_count=12,f_count=13
condition=lay,"1.1795646176629742, p=0.2472","1.645902280053303, p=0.1085","1.3781910370574517, p=0.1752","2.1013071380789343, p*=0.0401","1.9376522211374827, p=0.0586","1.594353514478993, p=0.1185","0.11002140202757767, p=0.9131","-1.2375394201413359, p=0.2238","-0.4577170912732501, p=0.6502","-0.9778804503575987, p=0.3357","-1.3741885323831244, p=0.1806","-1.0267678773744366, p=0.3128","-0.47996316643980474, p=0.6350"
condition=domain_expert,"1.7422913012637278, p=0.0929","2.0014682534746986, p=0.0556","2.91329741944437, p**=0.0070","2.021519958126173, p=0.0536","2.3339354705546733, p*=0.0271","2.1228827797614107, p*=0.0405","-0.03533288085716471, p=0.9721","-0.7669707178213796, p=0.4499","-0.49261707638121116, p=0.6271","-0.17757695378997343, p=0.8606","-0.32275560830142497, p=0.7497","0.45573214342282853, p=0.6528","2.0127129369847685, p=0.0525"
condition=data_scientist,"0.9383810661977402, p=0.3567","2.132075366505599, p*=0.0410","1.7284318950840147, p=0.0929","0.7016968010591055, p=0.4881","1.36930482711783, p=0.1803","1.611186505185431, p=0.1163","1.52085940276188, p=0.1379","1.261110811103061, p=0.2163","-0.02924479547808496, p=0.9769","0.3503722227201496, p=0.7290","-0.5034840909031542, p=0.6183","-0.49918090259427983, p=0.6207","0.9911459794757801, p=0.3287"
condition=csfs,"5.727274890522596, p**=0.0000","8.10179069811807, p**=0.0000","7.342396726987682, p**=0.0000","6.287471043381292, p**=0.0000","7.653292413869035, p**=0.0000","6.618337148480069, p**=0.0000","5.452833314533525, p**=0.0000","4.2521532730502845, p**=0.0001","2.7730911796357547, p**=0.0087","1.9053002326156294, p=0.0645","1.273795147839764, p=0.2125","1.0961177552978552, p=0.2821","0.6044533143455639, p=0.5503"
condition=random,"0.0, p=1.0000","0.0, p=1.0000","0.0, p=1.0000","0.0, p=1.0000","0.0, p=1.0000","0.0, p=1.0000","0.0, p=1.0000","0.0, p=1.0000","0.0, p=1.0000","0.0, p=1.0000","0.0, p=1.0000","0.0, p=1.0000","0.0, p=1.0000"
