,f_count=1,f_count=2,f_count=3,f_count=4,f_count=5,f_count=6,f_count=7,f_count=8,f_count=9,f_count=10,f_count=11,f_count=12,f_count=13
condition=lay,"0.0, p=1.0000","0.0, p=1.0000","0.0, p=1.0000","0.0, p=1.0000","0.0, p=1.0000","0.0, p=1.0000","0.0, p=1.0000","0.0, p=1.0000","0.0, p=1.0000","0.0, p=1.0000","0.0, p=1.0000","0.0, p=1.0000","0.0, p=1.0000"
condition=domain_expert,"0.4228203023274003, p=0.6749","0.4594084632507387, p=0.6488","1.644558841995779, p=0.1097","0.607414736647949, p=0.5487","0.7927989054843922, p=0.4339","0.41258057327986014, p=0.6823","-0.11355800776904013, p=0.9102","0.2583705573465023, p=0.7977","-0.12367255803334616, p=0.9023","0.5263029498413195, p=0.6021","0.8426831607729808, p=0.4048","1.1178301189302942, p=0.2712","1.775363872193537, p=0.0847"
condition=data_scientist,"-0.06539351845775886, p=0.9482","0.5159338761292277, p=0.6089","0.45591793041484957, p=0.6511","-0.7776150646111766, p=0.4426","-0.1728533541869276, p=0.8638","0.14331208321672373, p=0.8868","1.1173730682968939, p=0.2707","2.0462794144488767, p*=0.0476","0.3197243989952952, p=0.7509","0.9733458865798544, p=0.3368","0.8032732462948335, p=0.4269","0.5447980823342989, p=0.5892","1.1039927151358533, p=0.2768"
condition=csfs,"3.11236052040192, p**=0.0036","4.7454884635093935, p**=0.0000","4.910182873049713, p**=0.0000","4.130020305760788, p**=0.0002","4.6375019819639105, p**=0.0000","3.5206779306050806, p**=0.0013","3.6882830694724102, p**=0.0008","4.441029936145615, p**=0.0001","2.5160187228722597, p*=0.0162","2.2589242736895194, p*=0.0298","2.054205003439526, p*=0.0470","1.6647067813747254, p=0.1040","0.8377539486869802, p=0.4073"
condition=random,"-1.1795646176629742, p=0.2472","-1.645902280053303, p=0.1085","-1.3781910370574517, p=0.1752","-2.1013071380789343, p*=0.0401","-1.9376522211374827, p=0.0586","-1.594353514478993, p=0.1185","-0.11002140202757767, p=0.9131","1.2375394201413359, p=0.2238","0.4577170912732501, p=0.6502","0.9778804503575987, p=0.3357","1.3741885323831244, p=0.1806","1.0267678773744366, p=0.3128","0.47996316643980474, p=0.6350"
