,f_count=1,f_count=2,f_count=3,f_count=4,f_count=5,f_count=6,f_count=7,f_count=8,f_count=9,f_count=10,f_count=11,f_count=12,f_count=13
condition=lay,"0.06539351845775886, p=0.9482","-0.5159338761292277, p=0.6089","-0.45591793041484957, p=0.6511","0.7776150646111766, p=0.4426","0.1728533541869276, p=0.8638","-0.14331208321672373, p=0.8868","-1.1173730682968939, p=0.2707","-2.0462794144488767, p*=0.0476","-0.3197243989952952, p=0.7509","-0.9733458865798544, p=0.3368","-0.8032732462948335, p=0.4269","-0.5447980823342989, p=0.5892","-1.1039927151358533, p=0.2768"
condition=domain_expert,"0.4487231402235175, p=0.6564","-0.04038777457723774, p=0.9680","1.1410526463380068, p=0.2616","1.1265632403858887, p=0.2675","0.8469510370129937, p=0.4027","0.2369085792842384, p=0.8141","-1.1797086300245294, p=0.2461","-1.6017707909725125, p=0.1182","-0.38834460874874316, p=0.7002","-0.4015222947954676, p=0.6904","0.10061489084475796, p=0.9204","0.7358078255740863, p=0.4675","0.768296288886032, p=0.4473"
condition=data_scientist,"0.0, p=1.0000","0.0, p=1.0000","0.0, p=1.0000","0.0, p=1.0000","0.0, p=1.0000","0.0, p=1.0000","0.0, p=1.0000","0.0, p=1.0000","0.0, p=1.0000","0.0, p=1.0000","0.0, p=1.0000","0.0, p=1.0000","0.0, p=1.0000"
condition=csfs,"2.8320566636074047, p**=0.0079","3.863323515460687, p**=0.0005","3.910728285718214, p**=0.0004","3.874988913539564, p**=0.0005","3.899940475119046, p**=0.0005","3.0079012835456758, p**=0.0054","2.4488459372078686, p*=0.0200","1.9491859854082405, p=0.0595","1.9844639420964207, p=0.0551","0.8635101645866438, p=0.3944","1.4103465847947874, p=0.1666","1.3209819531178497, p=0.1948","-0.2205788006511582, p=0.8266"
condition=random,"-0.9383810661977402, p=0.3567","-2.132075366505599, p*=0.0410","-1.7284318950840147, p=0.0929","-0.7016968010591055, p=0.4881","-1.36930482711783, p=0.1803","-1.611186505185431, p=0.1163","-1.52085940276188, p=0.1379","-1.261110811103061, p=0.2163","0.02924479547808496, p=0.9769","-0.3503722227201496, p=0.7290","0.5034840909031542, p=0.6183","0.49918090259427983, p=0.6207","-0.9911459794757801, p=0.3287"
