,f_count=1,f_count=2,f_count=3,f_count=4,f_count=5,f_count=6,f_count=7,f_count=8,f_count=9,f_count=10,f_count=11,f_count=12,f_count=13
condition=lay,"-3.11236052040192, p**=0.0036","-4.7454884635093935, p**=0.0000","-4.910182873049713, p**=0.0000","-4.130020305760788, p**=0.0002","-4.6375019819639105, p**=0.0000","-3.5206779306050806, p**=0.0013","-3.6882830694724102, p**=0.0008","-4.441029936145615, p**=0.0001","-2.5160187228722597, p*=0.0162","-2.2589242736895194, p*=0.0298","-2.054205003439526, p*=0.0470","-1.6647067813747254, p=0.1040","-0.8377539486869802, p=0.4073"
condition=domain_expert,"-2.6850530323345194, p*=0.0112","-3.7811892175047426, p**=0.0007","-2.2884551236229966, p*=0.0296","-2.345563016402781, p*=0.0260","-2.6858120283628506, p*=0.0125","-3.1206578783819996, p**=0.0041","-3.5824854796098924, p**=0.0013","-3.606891609055148, p**=0.0012","-2.1601944361027745, p*=0.0394","-1.346990086570881, p=0.1886","-1.1972621301839146, p=0.2394","-0.4114227532869279, p=0.6833","0.9200821582205954, p=0.3639"
condition=data_scientist,"-2.8320566636074047, p**=0.0079","-3.863323515460687, p**=0.0005","-3.910728285718214, p**=0.0004","-3.874988913539564, p**=0.0005","-3.899940475119046, p**=0.0005","-3.0079012835456758, p**=0.0054","-2.4488459372078686, p*=0.0200","-1.9491859854082405, p=0.0595","-1.9844639420964207, p=0.0551","-0.8635101645866438, p=0.3944","-1.4103465847947874, p=0.1666","-1.3209819531178497, p=0.1948","0.2205788006511582, p=0.8266"
condition=csfs,"0.0, p=1.0000","0.0, p=1.0000","0.0, p=1.0000","0.0, p=1.0000","0.0, p=1.0000","0.0, p=1.0000","0.0, p=1.0000","0.0, p=1.0000","0.0, p=1.0000","0.0, p=1.0000","0.0, p=1.0000","0.0, p=1.0000","0.0, p=1.0000"
condition=random,"-5.727274890522596, p**=0.0000","-8.10179069811807, p**=0.0000","-7.342396726987682, p**=0.0000","-6.287471043381292, p**=0.0000","-7.653292413869035, p**=0.0000","-6.618337148480069, p**=0.0000","-5.452833314533525, p**=0.0000","-4.2521532730502845, p**=0.0001","-2.7730911796357547, p**=0.0087","-1.9053002326156294, p=0.0645","-1.273795147839764, p=0.2125","-1.0961177552978552, p=0.2821","-0.6044533143455639, p=0.5503"
