{"best":{"1":0.7591726976,"2":0.8282904452,"3":0.8439710393,"4":0.8454779988,"5":0.8463223111,"6":0.8463195541,"7":0.8462271342,"8":0.8457359159,"9":0.8451804869,"10":0.8446073064,"11":0.8433193566,"12":0.8378990176,"13":0.8374625962,"14":0.8330657903,"15":0.8320648002,"16":0.8308352252,"17":0.8283237321},"domain":{"1":[0.6746283715,0.6498442565,0.6243682791,0.6259602202,0.501571611,0.501571611,0.6915821234,0.7277186739,0.6611923418,0.6611923418,0.6611923418,0.6746283715],"2":[0.7080063109,0.6498223071,0.6205264104,0.7087945834,0.6699841111,0.6206810983,0.7572873193,0.7618043418,0.7255827255,0.6699841111,0.6699841111,0.7219330772],"3":[0.7079813695,0.645179566,0.7642688838,0.7132453545,0.7046050823,0.6627377278,0.757279847,0.809728042,0.7908224169,0.6535019056,0.7288936214,0.7172473088],"4":[0.7045813254,0.704646958,0.7755065392,0.7098975994,0.745939805,0.7146862002,0.8097235844,0.8104102087,0.7907988923,0.7133317678,0.761891881,0.7126772435],"5":[0.7458754312,0.710237803,0.7754307739,0.7148251009,0.730806799,0.7177280524,0.8096232567,0.8091697481,0.8084517231,0.8041914126,0.7618451031,0.7502204282],"6":[0.7458881855,0.7552749814,0.7754076615,0.714748784,0.7360140606,0.7654556872,0.810301454,0.805461858,0.8091744118,0.8147450122,0.8327337777,0.7962084957],"7":[0.7348275961,0.7981231235,0.7749978156,0.7546860431,0.7360317105,0.7654515646,0.8192357084,0.8087000603,0.8090570249,0.8148384281,0.8362501752,0.808763709],"8":[0.7652494507,0.8089521413,0.7929409746,0.8019320165,0.7603287461,0.7852654918,0.818630939,0.8086022329,0.8053469645,0.8139885986,0.8343401848,0.8104021124],"9":[0.8268070986,0.8180991393,0.8132423896,0.8070324111,0.8127505555,0.7901005965,0.8166795178,0.8197194759,0.8166697782,0.8139956586,0.8292837418,0.810322928],"10":[0.832559266,0.8253152519,0.8142956132,0.8065304627,0.8324509642,0.8137785004,0.8197247064,0.8222212865,0.8248159313,0.8223153811,0.8292850301,0.8291287485],"11":[0.8320875922,0.8248271577,0.81380561,0.8059898485,0.8323724135,0.8215839751,0.8297042554,0.8214836352,0.8297042554,0.8215842842,0.8253142213,0.8243613625],"12":[0.831412407,0.8242977329,0.8107299517,0.805313825,0.8307573436,0.8214837898,0.8295021105,0.8210120009,0.8303302991,0.8214837898,0.8243602288,0.8238316281],"13":[0.8302664921,0.8242967023,0.8140069129,0.8174649204,0.8302664921,0.8299653131,0.8289941509,0.8204895402,0.8299653131,0.8299653131,0.8238757903,0.8233411862],"14":[0.8296557459,0.8293133938,0.8141971247,0.8277918613,0.829655849,0.8293498443,0.8284289269,0.8198584584,0.8294248961,0.8294817639,0.8233411604,0.8227799054],"15":[0.8291200715,0.8287028249,0.8289366513,0.8283225982,0.8288637895,0.8288101493,0.8289366513,0.8198560879,0.8288101493,0.8289366513,0.8227788748,0.8283225982],"16":[0.8283237321,0.8283237321,0.8283237321,0.8283237321,0.8283237321,0.8283237321,0.8283237321,0.8283237321,0.8283237321,0.8283237321,0.8283237321,0.8283237321],"17":[0.8283237321,0.8283237321,0.8283237321,0.8283237321,0.8283237321,0.8283237321,0.8283237321,0.8283237321,0.8283237321,0.8283237321,0.8283237321,0.8283237321]},"experts":{"1":[0.7330446765,0.6498442565,0.6915821234,0.7655254715,0.6189297294,0.6189297294,0.501571611,0.6611923418,0.6611923418,0.6189297294,0.7166883745,0.7166883745,0.5001275174,0.7023076596,0.7223971704,0.6611923418,0.6243682791,0.7223971704,0.6498442565,0.6746283715],"2":[0.7435088156,0.6905394835,0.7168994971,0.7725730805,0.7246963214,0.7664668361,0.6699841111,0.645199996,0.645199996,0.6191078366,0.7618043418,0.7219330772,0.5801154181,0.7022874903,0.7185838911,0.645199996,0.6262499776,0.7410855931,0.645199996,0.6699841111],"3":[0.7657195043,0.6871382549,0.7729201745,0.7729824625,0.7677915945,0.7723420262,0.6700082799,0.6871382549,0.7072512343,0.7116291509,0.809728042,0.7219376515,0.5802520838,0.7022873614,0.8312193188,0.7072512343,0.7051725014,0.7411074429,0.6871382549,0.7766860532],"4":[0.8118127207,0.6924449814,0.8036494499,0.7710133728,0.7681583439,0.7727012505,0.6699959878,0.6871490767,0.7506846587,0.7597795286,0.812325265,0.7172509271,0.5797266549,0.746348094,0.8340446203,0.7072123787,0.7104951652,0.7719130902,0.7295816441,0.7886049145],"5":[0.8117208266,0.7337412406,0.8166110063,0.7612793914,0.7678245632,0.7725860393,0.7046027372,0.69245704,0.7519113746,0.8320084571,0.808627892,0.7126556866,0.7046027372,0.7448531974,0.8218855793,0.7914221607,0.7332142432,0.8029976332,0.7332142432,0.806850212],"6":[0.8106411349,0.7337179994,0.8165428902,0.8032038726,0.7737598173,0.7903722016,0.6924285916,0.6920709143,0.7642352755,0.8293326722,0.8198776075,0.7535809166,0.6924285916,0.8139024381,0.8248585124,0.7913048581,0.7360140606,0.8001462521,0.7360140606,0.80261189],"7":[0.8064286125,0.7639687778,0.8157998424,0.8207836307,0.7908971034,0.8298780969,0.7318112089,0.6917124093,0.7662020208,0.8275239654,0.8223989378,0.7546860431,0.7314085267,0.8148359176,0.8197824677,0.7939194741,0.7360322516,0.7995934172,0.7603188261,0.8278155158],"8":[0.8076419501,0.7662006295,0.8237862921,0.8240632455,0.8280083201,0.8308443986,0.7359314413,0.7329199877,0.8027758594,0.8280083201,0.8224004065,0.8019320165,0.8185215603,0.8021241843,0.8277078057,0.7976560014,0.7662148009,0.8125595916,0.787142565,0.8278168299],"9":[0.8070930544,0.766159765,0.8215352478,0.8239647635,0.8292837418,0.8248148749,0.766159765,0.7648194631,0.8139769246,0.8162658068,0.822306443,0.8047245159,0.8330122424,0.8023669733,0.8229015857,0.8239817757,0.8027745196,0.8121032916,0.8139769246,0.8284484978],"10":[0.8064210293,0.7870998978,0.8209562156,0.8334876767,0.8175014909,0.8239697951,0.8027059079,0.7648232073,0.821575848,0.815699448,0.8215338049,0.8163089321,0.8334544919,0.8126572482,0.822353604,0.8234182498,0.8139755847,0.8115826498,0.821575848,0.8323624774],"11":[0.805924215,0.8139034695,0.8214836352,0.8328706315,0.8169819199,0.8243613625,0.8191955309,0.7642894171,0.8215842842,0.8151655345,0.8296214573,0.8157952716,0.8323542225,0.8139034695,0.82872252,0.8308568411,0.8139034695,0.8114917443,0.8215842842,0.8318153837],"12":[0.8296924215,0.8307571632,0.8214804144,0.8328598977,0.8164886916,0.8238316281,0.8295021105,0.7864586562,0.8214804144,0.8145647824,0.8303302991,0.8153228375,0.8307571632,0.8307571632,0.8286345569,0.8302108497,0.8132881482,0.8193366081,0.8214804144,0.8317138294],"13":[0.8300717122,0.8299619377,0.8299619377,0.8323241762,0.815927825,0.8233411862,0.8299619377,0.8113339716,0.8299619377,0.815927825,0.8299653131,0.8204895402,0.8302557476,0.8299619377,0.8293456661,0.8305830011,0.8127902259,0.8273272171,0.8299619377,0.8287027531],"14":[0.8277918613,0.8293464689,0.8294817639,0.8318408543,0.8159267428,0.8227799054,0.8293464689,0.8092968684,0.8293464689,0.8159267428,0.8293498443,0.8198584584,0.8297144039,0.8294181453,0.8293464689,0.8300760151,0.812341408,0.8282754534,0.8294215207,0.8282200009],"15":[0.8283225982,0.8288101493,0.8289332759,0.8287028249,0.8222436956,0.8227787717,0.8288101493,0.8308284744,0.8288101493,0.8222511678,0.8288101493,0.8198560879,0.8291202261,0.8289366513,0.8288604141,0.8277960394,0.8198560879,0.8279001698,0.8289366513,0.8276174205],"16":[0.8283237321,0.8283237321,0.8283203568,0.8283237321,0.8283237321,0.8283237321,0.8283237321,0.8283203568,0.8283237321,0.8283237321,0.8283237321,0.8283237321,0.8283237321,0.8283237321,0.8283237321,0.8283237321,0.8283237321,0.8283237321,0.8283237321,0.8283237321],"17":[0.8283237321,0.8283237321,0.8283203568,0.8283237321,0.8283237321,0.8283237321,0.8283237321,0.8283203568,0.8283237321,0.8283237321,0.8283237321,0.8283237321,0.8283237321,0.8283237321,0.8283237321,0.8283237321,0.8283237321,0.8283237321,0.8283237321,0.8283237321]},"lay":{"1":[0.7719331087,0.6746283715,0.7166883745,0.501571611,0.7166883745,0.6190111646,0.6158897398,0.6611923418,0.6915821234,0.6619513395,0.7023076596,0.6611923418,0.7277186739,0.6875506667,0.666744675,0.6723815774,0.501571611,0.5800525385,0.7468420586,0.6214058382],