{"Data Scientists":{"1":[0.6188299865,0.6658366022,0.6188299865,0.6240778624,0.500098118,0.500098118,0.5023695524,0.6658366022,0.4992122299,0.500098118,0.6188299865,0.6658366022,0.500098118,0.5800207944,0.6658366022,0.6658366022,0.6240778624,0.6658366022,0.6658366022,0.6658366022],"10":[0.8070929254,0.7661598939,0.8220963906,0.8245158029,0.8298050246,0.8248143331,0.7661598939,0.7651575118,0.814458354,0.8162658068,0.8228689527,0.8052739547,0.8335742813,0.8023669733,0.8234682977,0.823978086,0.8027824814,0.8125797804,0.814458354,0.8290189974],"11":[0.8064209003,0.7875732127,0.8215168426,0.8340209666,0.8180214325,0.8239697951,0.8027059079,0.7651338942,0.8221503698,0.8156995769,0.8220949219,0.8168583708,0.8340165824,0.8131562869,0.8228808949,0.8233991594,0.8144619613,0.8119956332,0.8221503698,0.832940842],"12":[0.8059240344,0.8143715539,0.8220501198,0.8333638811,0.817439104,0.8249223335,0.81919179,0.7645805228,0.8221460668,0.8151656376,0.8301595828,0.8162819013,0.8329183771,0.8143715539,0.8292284867,0.8308376222,0.8143715539,0.8119181445,0.8221460668,0.8323361989],"13":[0.8296534131,0.8313165714,0.8220480327,0.833368854,0.8169052937,0.82432979,0.8295078706,0.7867856498,0.8220480327,0.8145648597,0.830863044,0.8157688851,0.8313165714,0.8313165714,0.8291302745,0.8301828577,0.8137221709,0.8197559966,0.8220480327,0.8322358482],"14":[0.8300192366,0.8305007873,0.8305007873,0.8327665309,0.8163049801,0.823798766,0.8304940366,0.811770208,0.8305007873,0.8163049801,0.8305007873,0.820952582,0.8307747028,0.8304940366,0.829842648,0.830552319,0.8131614394,0.8277087323,0.8305007873,0.8291770649],"15":[0.8277361093,0.8298402002,0.8299650766,0.8322405116,0.8162997238,0.8231980383,0.8298402002,0.8097333886,0.8298402002,0.8162997238,0.8298402517,0.8202820533,0.8301702665,0.8298900881,0.8298402002,0.8300235654,0.8126720911,0.828661587,0.8298968904,0.8286473628],"2":[0.7330446765,0.6498442565,0.6915821234,0.7655254715,0.6189297294,0.6189297294,0.501571611,0.6611923418,0.6611923418,0.6189297294,0.7166883745,0.7166883745,0.5001275174,0.7023076596,0.7226707929,0.6611923418,0.6243682791,0.7226707929,0.6498442565,0.6746283715],"3":[0.7435088156,0.6905394835,0.7168994971,0.7725730805,0.7246963214,0.7664668361,0.6699841111,0.645199996,0.645199996,0.6191078366,0.7618043418,0.7219330772,0.5801154181,0.7022874903,0.718850368,0.645199996,0.6262499776,0.7415150605,0.645199996,0.6699841111],"4":[0.7657195043,0.6871382549,0.7729201745,0.7729824625,0.7677915945,0.7723420262,0.6700198747,0.6871382549,0.7072512343,0.7116291509,0.809728042,0.7219376515,0.5802520838,0.7022873614,0.8316678623,0.7072512343,0.7051725014,0.7415358282,0.6871382549,0.7766860532],"5":[0.8118127207,0.6924449814,0.8036494499,0.7710133728,0.7681583439,0.7727012505,0.6699959878,0.6871478915,0.7506846587,0.7597795286,0.812325265,0.7172509271,0.5797266549,0.746348094,0.8345076634,0.707207277,0.7104951652,0.7722932942,0.7295816441,0.7886049145],"6":[0.8117208524,0.7337412406,0.81705029,0.7612793914,0.7678245632,0.7725860393,0.7046027372,0.6924551591,0.7519113746,0.8320084571,0.8086276598,0.7126556866,0.7046027372,0.7448531974,0.8223297637,0.7914109266,0.7332142432,0.8033778372,0.7332142432,0.806850212],"7":[0.8106411607,0.7337173552,0.8169742913,0.8032038726,0.7737598173,0.7903722016,0.6924285916,0.6920696775,0.7642352755,0.8293326722,0.81987446,0.7535809166,0.6924285916,0.8139024381,0.8253270751,0.7913048581,0.7360140606,0.8005855495,0.7360140606,0.80261189],"8":[0.8064284061,0.7639700919,0.816226316,0.8207802768,0.7908971034,0.8298780969,0.731807344,0.6917110435,0.7662020208,0.8275239654,0.8229678597,0.7546860431,0.731843554,0.8148358918,0.8202510304,0.7939194741,0.736031324,0.8000039607,0.7608281178,0.8278155158],"9":[0.8076417437,0.7661865868,0.8243305462,0.8246107643,0.8280083201,0.8308443986,0.7359347136,0.7329192403,0.8027758594,0.8280083201,0.8229649482,0.8019320165,0.8190393015,0.8021241843,0.8282219311,0.7976556922,0.7662140022,0.8130791358,0.7876239945,0.8278251008]},"Domain Experts":{"1":[0.6658366022,0.6658366022,0.6240778624,0.6240778624,0.5023695524,0.4992122299,0.6240778624,0.6658366022,0.4992122299,0.4992122299,0.6658366022,0.6658366022],"10":[0.8268067896,0.8186473912,0.8136820387,0.8070321531,0.8132504167,0.7905977548,0.8166740554,0.8197167154,0.8166697782,0.8144739137,0.8298050246,0.8106936206],"11":[0.833112405,0.8258749329,0.8146816135,0.8065303079,0.8330321999,0.8143140442,0.819722152,0.8227892929,0.8248056241,0.8228932769,0.8298091472,0.8296470142],"12":[0.8326004843,0.8253463856,0.8141508994,0.8059896421,0.8329365681,0.8221523023,0.8297153677,0.8220501198,0.8297148523,0.8221528176,0.8258795966,0.8249223335],"13":[0.83193028,0.8247540227,0.8110800916,0.8053135928,0.8313165714,0.8220480327,0.8295185378,0.8215380323,0.8308628378,0.8220480327,0.8249250132,0.82432979],"14":[0.8307852669,0.8247586864,0.8144256373,0.8174386053,0.8307852669,0.8305007873,0.8289888037,0.820952582,0.8305007873,0.8305007873,0.8243963082,0.823798766],"15":[0.8301407425,0.8297408584,0.8145883781,0.8277361093,0.8301406909,0.8298402002,0.8283964648,0.8202820533,0.8298968904,0.8299718273,0.8238015487,0.8231980383],"2":[0.6746283715,0.6498442565,0.6243682791,0.6259602202,0.501571611,0.501571611,0.6915821234,0.7277186739,0.6611923418,0.6611923418,0.6611923418,0.6746283715],"3":[0.7080063109,0.6498223071,0.6205264104,0.7087945834,0.6699841111,0.6206810983,0.7572873193,0.7618043418,0.7255827255,0.6699841111,0.6699841111,0.7219330772],"4":[0.7079813695,0.645179566,0.7642688838,0.7132453545,0.7046050823,0.6627377278,0.7572927559,0.809728042,0.7908224169,0.6535019056,0.7288936214,0.7172473088],"5":[0.7045813254,0.7049061207,0.7757506812,0.7098975994,0.745939805,0.7146862002,0.8097330922,0.8104102087,0.7907792583,0.7133317678,0.761891881,0.7126772435],"6":[0.7458754312,0.7105286217,0.7756670076,0.7148251009,0.730806799,0.7177280524,0.8096208862,0.8091697481,0.8084429368,0.8041914126,0.7618451031,0.7502204282],"7":[0.7458881855,0.755577382,0.7756439983,0.714748784,0.7360140606,0.7654492375,0.810301454,0.805461858,0.8091651617,0.815150316,0.8327337777,0.7962084957],"8":[0.7348275961,0.7986580626,0.7751713432,0.7546860431,0.7360322001,0.7654531024,0.8192440567,0.8086997507,0.8090570249,0.8153411408,0.8367156219,0.8091321448],"9":[0.7652493992,0.8094870803,0.7932552381,0.8019320165,0.7608384243,0.7852456352,0.818630939,0.8086020523,0.8053469645,0.8144662611,0.8348056315,0.8107807907]},"KrowDD":{"1":[0.5023695524,0.5,0.7591726976,0.5800207944,0.6658366022,0.6658366022,0.5800207944,0.6250204206,0.6658366022,0.5,0.6658366022,0.5800207944,0.5023695524,0.5800207944,0.6658366022,0.5,0.6658366022,0.6658366022,0.6658366022],"10":[0.7893974002,0.8107540009,0.8226414546,0.8206436711,0.8317641508,0.8241543539,0.8341332869,0.8276498502,0.8276571338,0.8329403002,0.8263096914,0.7944294752,0.8270831345,0.8207643926,0.8207643926,0.8327484135,0.7615102118,0.8276387882,0.7518412616],"11":[0.8323560174,0.8246739327,0.8225438871,0.8291357507,0.8328522827,0.8294926651,0.8340325611,0.8269886346,0.8270892882,0.8323988243,0.8312386174,0.8319435013,0.8269886346,0.8269890469,0.8269886346,0.8269890469,0.7822329845,0.8269714066,0.8262529511],"12":[0.8312994011,0.8239849915,0.8218825966,0.826994571,0.831792027,0.8278503077,0.8335875768,0.8284772226,0.8282506436,0.8323083332,0.8311383927,0.8339052385,0.8321906765,0.8262296568,0.8264426466,0.8263593668,0.8240416144,0.8321735677,0.8281471143],"13":[0.8306417992,0.8239690253,0.8216964615,0.8263618991,0.8295078706,0.8233740904,0.8329798378,0.8263618991,0.8252127217,0.8308495118,0.8305479903,0.8239690253,0.8307230088,0.8318068264,0.8316439446,0.8256311979,0.8235125253,0.833368518,0.8333797006],"14":[0.8305417033,0.8306560201,0.8283278808,0.8258298983,0.8305007358,0.8288530798,0.8328836392,0.8306557624,0.8325148225,0.8289781365,0.8305417033,0.8233648045,0.8288530798,0.8312063907,0.8302060795,0.8251024189,0.8245501669,0.8315709353,0.8323860772],