{"[1,"ci_hi"]":{"1":0.693343163,"2":0.7100361722,"3":0.7368589703,"4":0.7746532919,"5":0.78278427,"6":0.7934684637,"7":0.8007872334,"8":0.8052900678,"9":0.810545271,"10":0.8199881296,"11":0.8265946623,"12":0.8286160058,"13":0.8303780486,"14":0.8298252113,"15":0.8295664334,"16":0.8283245559,"17":0.8283245559},"[1,"ci_lo"]":{"1":0.6265472561,"2":0.6587425589,"3":0.6902826584,"4":0.7295169843,"5":0.743003594,"6":0.753782142,"7":0.7650578246,"8":0.7750445897,"9":0.7822375409,"10":0.7972521625,"11":0.8111435028,"12":0.8222345349,"13":0.8251532783,"14":0.8265898973,"15":0.8258734902,"16":0.8283235834,"17":0.8283235834},"[1,"count"]":{"1":20,"2":20,"3":20,"4":20,"5":20,"6":20,"7":20,"8":20,"9":20,"10":20,"11":20,"12":20,"13":20,"14":20,"15":20,"16":20,"17":20},"[1,"mean"]":{"1":0.6599452095,"2":0.6843893656,"3":0.7135708144,"4":0.7520851381,"5":0.762893932,"6":0.7736253028,"7":0.782922529,"8":0.7901673288,"9":0.7963914059,"10":0.8086201461,"11":0.8188690826,"12":0.8254252704,"13":0.8277656635,"14":0.8282075543,"15":0.8277199618,"16":0.8283240697,"17":0.8283240697},"[1,"std"]":{"1":0.069554052,"2":0.0534116357,"3":0.048499547,"4":0.0470000818,"5":0.0414233048,"6":0.0413250544,"7":0.0372047521,"8":0.0314943783,"9":0.0294766165,"10":0.0236747836,"11":0.0160891707,"12":0.0066449754,"13":0.0054405123,"14":0.0033689069,"15":0.0038454328,"16":0.0000010126,"17":0.0000010126},"[2,"ci_hi"]":{"1":0.6820213549,"2":0.7207122242,"3":0.7545875565,"4":0.7727373706,"5":0.7863976567,"6":0.8034772166,"7":0.8100389135,"8":0.8141282721,"9":0.8208922808,"10":0.8278034744,"11":0.8284417532,"12":0.8279552536,"13":0.8288109496,"14":0.8292904726,"15":0.8294258188,"16":0.8283237321,"17":0.8283237321},"[2,"ci_lo"]":{"1":0.593887069,"2":0.660019527,"3":0.6879942977,"4":0.7196112968,"5":0.7366699486,"6":0.7567585117,"7":0.7667882464,"8":0.7868683701,"9":0.8082249343,"10":0.8176000493,"11":0.818694682,"12":0.8177972643,"13":0.8216720715,"14":0.8229226824,"15":0.8256403641,"16":0.8283237321,"17":0.8283237321},"[2,"count"]":{"1":12,"2":12,"3":12,"4":12,"5":12,"6":12,"7":12,"8":12,"9":12,"10":12,"11":12,"12":12,"13":12,"14":12,"15":12,"16":12,"17":12},"[2,"mean"]":{"1":0.637954212,"2":0.6903658756,"3":0.7212909271,"4":0.7461743337,"5":0.7615338027,"6":0.7801178641,"7":0.78841358,"8":0.8004983211,"9":0.8145586076,"10":0.8227017619,"11":0.8235682176,"12":0.8228762589,"13":0.8252415106,"14":0.8261065775,"15":0.8275330915,"16":0.8283237321,"17":0.8283237321},"[2,"std"]":{"1":0.0664039819,"2":0.0457283647,"3":0.0501740896,"4":0.0400273606,"5":0.0374668926,"6":0.0351997864,"7":0.0325868246,"8":0.0205387271,"9":0.0095440979,"10":0.0076876785,"11":0.0073438428,"12":0.0076534453,"13":0.0053787233,"14":0.004797754,"15":0.0028521167,"16":1.110223025e-16,"17":1.110223025e-16},"[3,"ci_hi"]":{"1":0.6929369903,"2":0.7160104372,"3":0.7554952985,"4":0.7722202617,"5":0.7859955919,"6":0.7954495747,"7":0.8042835085,"8":0.8163125539,"9":0.8198799629,"10":0.8226896858,"11":0.8252890194,"12":0.8279849558,"13":0.8290485402,"14":0.8285361255,"15":0.828495559,"16":0.8283238808,"17":0.8283238808},"[3,"ci_lo"]":{"1":0.6282011624,"2":0.6646515494,"3":0.7022747896,"4":0.7162689509,"5":0.7445110342,"6":0.752254881,"7":0.7662961961,"8":0.7881130668,"9":0.8001870548,"10":0.807656655,"11":0.811291847,"12":0.8179098492,"13":0.8227672384,"14":0.822174461,"15":0.8253225565,"16":0.8283229084,"17":0.8283229084},"[3,"count"]":{"1":20,"2":20,"3":20,"4":20,"5":20,"6":20,"7":20,"8":20,"9":20,"10":20,"11":20,"12":20,"13":20,"14":20,"15":20,"16":20,"17":20},"[3,"mean"]":{"1":0.6605690763,"2":0.6903309933,"3":0.728885044,"4":0.7442446063,"5":0.765253313,"6":0.7738522279,"7":0.7852898523,"8":0.8022128103,"9":0.8100335088,"10":0.8151731704,"11":0.8182904332,"12":0.8229474025,"13":0.8259078893,"14":0.8253552932,"15":0.8269090577,"16":0.8283233946,"17":0.8283233946},"[3,"std"]":{"1":0.067408908,"2":0.0534796055,"3":0.055418097,"4":0.0582616595,"5":0.0431975434,"6":0.0449782945,"7":0.0395558894,"8":0.0293639039,"9":0.0205060702,"10":0.0156537767,"11":0.0145751454,"12":0.0104911292,"13":0.0065406701,"14":0.0066243512,"15":0.0033040225,"16":0.0000010126,"17":0.0000010126},"[4,"ci_hi"]":{"1":0.6694255205,"2":0.7189870156,"3":0.7452485026,"4":0.7658920281,"5":0.7682164555,"6":0.7729051993,"7":0.7984455368,"8":0.8079314016,"9":0.8154974187,"10":0.8255894289,"11":0.826346961,"12":0.8290001859,"13":0.8297905897,"14":0.8299136407,"15":0.8292774811,"16":0.8283237321,"17":0.8283237321},"[4,"ci_lo"]":{"1":0.6021919515,"2":0.6674710737,"3":0.6887406109,"4":0.7105042902,"5":0.7240336544,"6":0.7369474277,"7":0.7626531842,"8":0.7761818746,"9":0.7875498934,"10":0.8014694638,"11":0.8183817915,"12":0.8233601414,"13":0.8264852749,"14":0.8278071269,"15":0.8285531254,"16":0.8283237321,"17":0.8283237321},"[4,"count"]":{"1":20,"2":20,"3":20,"4":20,"5":20,"6":20,"7":20,"8":20,"9":20,"10":20,"11":20,"12":20,"13":20,"14":20,"15":20,"16":20,"17":20},"[4,"mean"]":{"1":0.635808736,"2":0.6932290446,"3":0.7169945567,"4":0.7381981592,"5":0.7461250549,"6":0.7549263135,"7":0.7805493605,"8":0.7920566381,"9":0.8015236561,"10":0.8135294464,"11":0.8223643762,"12":0.8261801637,"13":0.8281379323,"14":0.8288603838,"15":0.8289153033,"16":0.8283237321,"17":0.8283237321},"[4,"std"]":{"1":0.0700097861,"2":0.0536431448,"3":0.0588412227,"4":0.0576748155,"5":0.046007203,"6":0.0374425445,"7":0.037270295,"8":0.0330605325,"9":0.0291015381,"10":0.0251159298,"11":0.0082940683,"12":0.0058729339,"13":0.0034417983,"14":0.0021934962,"15":0.0007542658,"16":0.0,"17":0.0},"[5,"ci_hi"]":{"1":0.6758553242,"2":0.7132879538,"3":0.7377242251,"4":0.7602360178,"5":0.7778413346,"6":0.7883835501,"7":0.8009276877,"8":0.8079708249,"9":0.8122816353,"10":0.8160639592,"11":0.819277587,"12":0.8225897915,"13":0.8249998867,"14":0.8263727274,"15":0.827422856,"16":0.828323829,"17":0.828323829},"[5,"ci_lo"]":{"1":0.6448741329,"2":0.6879431114,"3":0.7146812916,"4":0.7399649689,"5":0.7602376999,"6":0.7748164557,"7":0.7901635742,"8":0.7986540008,"9":0.8043600281,"10":0.8089699293,"11":0.8135069023,"12":0.8182693185,"13":0.8216084251,"14":0.8240723144,"15":0.8257319509,"16":0.8283235003,"17":0.8283235003},"[5,"count"]":{"1":100,"2":100,"3":100,"4":100,"5":100,"6":100,"7":100,"8":100,"9":100,"10":100,"11":100,"12":100,"13":100,"14":100,"15":100,"16":100,"17":100},"[5,"mean"]":{"1":0.6603647285,"2":0.7006155326,"3":0.7262027583,"4":0.7501004933,"5":0.7690395173,"6":0.7816000029,"7":0.795545631,"8":0.8033124129,"9":0.8083208317,"10":0.8125169442,"11":0.8163922447,"12":0.820429555,"13":0.8233041559,"14":0.8252225209,"15":0.8265774035,"16":0.8283236646,"17":0.8283236646},"[5,"std"]":{"1":0.0776777361,"2":0.0635459739,"3":0.0577745023,"4":0.0508246816,"5":0.044136795,"6":0.0340161607,"7":0.0269883737,"8":0.0233596506,"9":0.0198614866,"10":0.0177865395,"11":0.014468576,"12":0.010832526,"13":0.0085032578,"14":0.0057677214,"15":0.0042395296,"16":0.000000824,"17":0.000000824},"[6,"ci_hi"]":{"1":null,"2":null,"3":null,"4":null,"5":null,"6":null,"7":null,"8":null,"9":null,"10":null,"11":null,"12":null,"13":null,"14":null,"15":null,"16":null,"17":null},"[6,"ci_lo"]":{"1":null,"2":null,"3":null,"4":null,"5":null,"6":null,"7":null,"8":null,"9":null,"10":null,"11":null,"12":null,"13":null,"14":null,"15":null,"16":null,"17":null},"[6,"count"]":{"1":1,"2":1,"3":1,"4":1,"5":1,"6":1,"7":1,"8":1,"9":1,"10":1,"11":1,"12":1,"13":1,"14":1,"15":1,"16":1,"17":1},"[6,"mean"]":{"1":0.7603208966,"2":0.7696046722,"3":0.8187174602,"4":0.8198566173,"5":0.8197597049,"6":0.8157058219,"7":0.8250814176,"8":0.8243902331,"9":0.8300160076,"10":0.8304372589,"11":0.8303319076,"12":0.829957708,"13":0.8294202836,"14":0.8294215207,"15":0.8288101493,"16":0.8283237321,"17":0.8283237321},"[6,"std"]":{"1":0.0,"2":0.0,"3":0.0,"4":0.0,"5":0.0,"6":0.0,"7":0.0,"8":0.0,"9":0.0,"10":0.0,"11":0.0,"12":0.0,"13":0.0,"14":0.0,"15":0.0,"16":0.0,"17":0.0}}