{"[1,"ci_hi"]":{"1":0.6896399268,"2":0.7522979556,"3":0.7849727849,"4":0.7970058791,"5":0.8096428698,"6":0.8230756405,"7":0.830408592,"8":0.8329974147,"9":0.8372858942,"10":0.8417863659,"11":0.8440259539,"12":0.8449362261,"13":0.8449362261},"[1,"ci_lo"]":{"1":0.6216487239,"2":0.6977341343,"3":0.7390437233,"4":0.7654006681,"5":0.7878580703,"6":0.8029658481,"7":0.8127776478,"8":0.821531827,"9":0.8299162381,"10":0.8356371513,"11":0.8401219972,"12":0.8449362261,"13":0.8449362261},"[1,"count"]":{"1":20,"2":20,"3":20,"4":20,"5":20,"6":20,"7":20,"8":20,"9":20,"10":20,"11":20,"12":20,"13":20},"[1,"mean"]":{"1":0.6556443253,"2":0.725016045,"3":0.7620082541,"4":0.7812032736,"5":0.7987504701,"6":0.8130207443,"7":0.8215931199,"8":0.8272646208,"9":0.8336010662,"10":0.8387117586,"11":0.8420739756,"12":0.8449362261,"13":0.8449362261},"[1,"std"]":{"1":0.0707987043,"2":0.0568168776,"3":0.0478255703,"4":0.0329102575,"5":0.0226843402,"6":0.0209401685,"7":0.0183589634,"8":0.0119390262,"9":0.0076739649,"10":0.0064031288,"11":0.0040651594,"12":1.110223025e-16,"13":1.110223025e-16},"[2,"ci_hi"]":{"1":0.7549356411,"2":0.7732539579,"3":0.779498489,"4":0.7839531654,"5":0.7968501322,"6":0.8105470733,"7":0.8236740481,"8":0.8337493897,"9":0.8356623358,"10":0.8409584905,"11":0.8440341771,"12":0.8449362261,"13":0.8449362261},"[2,"ci_lo"]":{"1":0.6568132987,"2":0.6794046914,"3":0.729434177,"4":0.7627129455,"5":0.7667910855,"6":0.7777682633,"7":0.7965014,"8":0.8170464427,"9":0.8248012861,"10":0.8339578887,"11":0.8387348885,"12":0.8449362261,"13":0.8449362261},"[2,"count"]":{"1":10,"2":10,"3":10,"4":10,"5":10,"6":10,"7":10,"8":10,"9":10,"10":10,"11":10,"12":10,"13":10},"[2,"mean"]":{"1":0.7058744699,"2":0.7263293247,"3":0.754466333,"4":0.7733330555,"5":0.7818206088,"6":0.7941576683,"7":0.810087724,"8":0.8253979162,"9":0.8302318109,"10":0.8374581896,"11":0.8413845328,"12":0.8449362261,"13":0.8449362261},"[2,"std"]":{"1":0.0650633457,"2":0.0622299379,"3":0.0331968394,"4":0.0140840479,"5":0.01993167,"6":0.0217351012,"7":0.0180177456,"8":0.0110754553,"9":0.0072017872,"10":0.0046419864,"11":0.0035138729,"12":0.0,"13":0.0},"[3,"ci_hi"]":{"1":0.7180167122,"2":0.7610030494,"3":0.7846951929,"4":0.7974428608,"5":0.8103186693,"6":0.8189869698,"7":0.8283427683,"8":0.833438744,"9":0.837959947,"10":0.8424714564,"11":0.8447982493,"12":0.8449362261,"13":0.8449362261},"[3,"ci_lo"]":{"1":0.6464641234,"2":0.6891311973,"3":0.734112967,"4":0.7624671839,"5":0.7741513326,"6":0.8003610601,"7":0.8121636007,"8":0.8222717021,"9":0.8300383089,"10":0.8377921816,"11":0.842662293,"12":0.8449362261,"13":0.8449362261},"[3,"count"]":{"1":20,"2":20,"3":20,"4":20,"5":20,"6":20,"7":20,"8":20,"9":20,"10":20,"11":20,"12":20,"13":20},"[3,"mean"]":{"1":0.6822404178,"2":0.7250671233,"3":0.7594040799,"4":0.7799550223,"5":0.792235001,"6":0.8096740149,"7":0.8202531845,"8":0.8278552231,"9":0.833999128,"10":0.840131819,"11":0.8437302712,"12":0.8449362261,"13":0.8449362261},"[3,"std"]":{"1":0.0745071475,"2":0.0748395938,"3":0.0526708737,"4":0.036419897,"5":0.037660763,"6":0.0193950131,"7":0.0168472398,"8":0.0116281528,"9":0.0082487394,"10":0.0048724921,"11":0.0022241544,"12":1.110223025e-16,"13":1.110223025e-16},"[4,"ci_hi"]":{"1":0.7833153301,"2":0.807882779,"3":0.8235792495,"4":0.8340228086,"5":0.8371645522,"6":0.841508709,"7":0.8431968461,"8":0.8447097617,"9":0.8458917192,"10":0.8464570271,"11":0.8458835608,"12":0.8449362261,"13":0.8449362261},"[4,"ci_lo"]":{"1":0.7589241268,"2":0.7903818553,"3":0.8130618015,"4":0.8251297948,"5":0.8307140528,"6":0.8345048678,"7":0.8372205127,"8":0.8407009483,"9":0.8417377787,"10":0.8433466762,"11":0.8443377392,"12":0.8449362261,"13":0.8449362261},"[4,"count"]":{"1":20,"2":20,"3":20,"4":20,"5":20,"6":20,"7":20,"8":20,"9":20,"10":20,"11":20,"12":20,"13":20},"[4,"mean"]":{"1":0.7711197284,"2":0.7991323172,"3":0.8183205255,"4":0.8295763017,"5":0.8339393025,"6":0.8380067884,"7":0.8402086794,"8":0.842705355,"9":0.8438147489,"10":0.8449018517,"11":0.84511065,"12":0.8449362261,"13":0.8449362261},"[4,"std"]":{"1":0.025398368,"2":0.0182235741,"3":0.0109517358,"4":0.0092602252,"5":0.0067168543,"6":0.0072930447,"7":0.0062231089,"8":0.0041743458,"9":0.0043254655,"10":0.0032387839,"11":0.0016096519,"12":1.110223025e-16,"13":1.110223025e-16},"[5,"ci_hi"]":{"1":0.7137061456,"2":0.7642261351,"3":0.7928726316,"4":0.8103065594,"5":0.8190095621,"6":0.8258376548,"7":0.8322192741,"8":0.8370716406,"9":0.8397443455,"10":0.842689267,"11":0.8442746545,"12":0.8449362261,"13":0.8449362261},"[5,"ci_lo"]":{"1":0.6840532534,"2":0.743376381,"3":0.7786472902,"4":0.8014065933,"5":0.8112843428,"6":0.8198735624,"7":0.8273654419,"8":0.8335759974,"9":0.8370431734,"10":0.8405127884,"11":0.8427636957,"12":0.8449362261,"13":0.8449362261},"[5,"count"]":{"1":100,"2":100,"3":100,"4":100,"5":100,"6":100,"7":100,"8":100,"9":100,"10":100,"11":100,"12":100,"13":100},"[5,"mean"]":{"1":0.6988796995,"2":0.753801258,"3":0.7857599609,"4":0.8058565763,"5":0.8151469525,"6":0.8228556086,"7":0.829792358,"8":0.835323819,"9":0.8383937595,"10":0.8416010277,"11":0.8435191751,"12":0.8449362261,"13":0.8449362261},"[5,"std"]":{"1":0.0743473521,"2":0.0522756428,"3":0.0356665533,"4":0.0223144814,"5":0.0193690921,"6":0.0149534987,"7":0.0121697934,"8":0.0087644676,"9":0.0067725263,"10":0.005456986,"11":0.0037883583,"12":3.330669074e-16,"13":3.330669074e-16},"[6,"ci_hi"]":{"1":null,"2":null,"3":null,"4":null,"5":null,"6":null,"7":null,"8":null,"9":null,"10":null,"11":null,"12":null,"13":null},"[6,"ci_lo"]":{"1":null,"2":null,"3":null,"4":null,"5":null,"6":null,"7":null,"8":null,"9":null,"10":null,"11":null,"12":null,"13":null},"[6,"count"]":{"1":1,"2":1,"3":1,"4":1,"5":1,"6":1,"7":1,"8":1,"9":1,"10":1,"11":1,"12":1,"13":1},"[6,"mean"]":{"1":0.7952617844,"2":0.8067863409,"3":0.831643645,"4":0.843657271,"5":0.8389224331,"6":0.8408752503,"7":0.8447965419,"8":0.8433565214,"9":0.8435721792,"10":0.8460968282,"11":0.8458925015,"12":0.8449362261,"13":0.8449362261},"[6,"std"]":{"1":0.0,"2":0.0,"3":0.0,"4":0.0,"5":0.0,"6":0.0,"7":0.0,"8":0.0,"9":0.0,"10":0.0,"11":0.0,"12":0.0,"13":0.0}}