{"[1,"ci_hi"]":{"1":0.5690538416,"2":0.5907115784,"3":0.5999636716,"4":0.6203830327,"5":0.639298846,"6":0.6548631436,"7":0.6563182443,"8":0.6561630763,"9":0.6714212594,"10":0.6777756828,"11":0.685872312,"12":0.6923067495,"13":0.6988443267},"[1,"ci_lo"]":{"1":0.5205658687,"2":0.5491127642,"3":0.5615132504,"4":0.589785297,"5":0.6090846623,"6":0.6220026737,"7":0.6231845934,"8":0.6306341372,"9":0.6474332201,"10":0.6546400233,"11":0.6630094644,"12":0.6756813016,"13":0.6868094918},"[1,"count"]":{"1":21,"2":21,"3":21,"4":21,"5":21,"6":21,"7":21,"8":21,"9":21,"10":21,"11":21,"12":21,"13":21},"[1,"mean"]":{"1":0.5448098551,"2":0.5699121713,"3":0.580738461,"4":0.6050841648,"5":0.6241917541,"6":0.6384329086,"7":0.6397514188,"8":0.6433986068,"9":0.6594272397,"10":0.666207853,"11":0.6744408882,"12":0.6839940256,"13":0.6928269093},"[1,"std"]":{"1":0.0519771349,"2":0.044592237,"3":0.0412172877,"4":0.0327995283,"5":0.032388376,"6":0.0352250872,"7":0.0355179262,"8":0.0273659844,"9":0.0257142025,"10":0.024800486,"11":0.0245080427,"12":0.017821804,"13":0.0129008535},"[2,"ci_hi"]":{"1":0.5755934126,"2":0.6014896208,"3":0.6326226833,"4":0.642153035,"5":0.6566068285,"6":0.6589021375,"7":0.6567502236,"8":0.6615614141,"9":0.6749867262,"10":0.6858306283,"11":0.6916103793,"12":0.7004395678,"13":0.703170109},"[2,"ci_lo"]":{"1":0.5277560598,"2":0.5524110398,"3":0.5799130887,"4":0.5863789168,"5":0.6120723228,"6":0.6269759485,"7":0.6200787725,"8":0.6302096671,"9":0.6414409667,"10":0.6560357613,"11":0.6699315471,"12":0.681119055,"13":0.6948775853},"[2,"count"]":{"1":18,"2":18,"3":18,"4":18,"5":18,"6":18,"7":18,"8":18,"9":18,"10":18,"11":18,"12":18,"13":18},"[2,"mean"]":{"1":0.5516747362,"2":0.5769503303,"3":0.606267886,"4":0.6142659759,"5":0.6343395756,"6":0.642939043,"7":0.6384144981,"8":0.6458855406,"9":0.6582138465,"10":0.6709331948,"11":0.6807709632,"12":0.6907793114,"13":0.6990238472},"[2,"std"]":{"1":0.0467430566,"2":0.0479558915,"3":0.0515038444,"4":0.0544982658,"5":0.0435157634,"6":0.0311958663,"7":0.0358325789,"8":0.0306345649,"9":0.0327783886,"10":0.0291132991,"11":0.0211829214,"12":0.0188785494,"13":0.0081028294},"[3,"ci_hi"]":{"1":0.5727249519,"2":0.6007684357,"3":0.6102922363,"4":0.6193571254,"5":0.6428463578,"6":0.6590343669,"7":0.6678848294,"8":0.6755335208,"9":0.6758543841,"10":0.6897008266,"11":0.6893143731,"12":0.6931223102,"13":0.7012698326},"[3,"ci_lo"]":{"1":0.5145247138,"2":0.5544292285,"3":0.5642666866,"4":0.5688524346,"5":0.6012889273,"6":0.6212643862,"7":0.6361531981,"8":0.6480176042,"9":0.6485591878,"10":0.6601796334,"11":0.6708654363,"12":0.6803365585,"13":0.6923139661},"[3,"count"]":{"1":20,"2":20,"3":20,"4":20,"5":20,"6":20,"7":20,"8":20,"9":20,"10":20,"11":20,"12":20,"13":20},"[3,"mean"]":{"1":0.5436248328,"2":0.5775988321,"3":0.5872794615,"4":0.59410478,"5":0.6220676425,"6":0.6401493765,"7":0.6520190137,"8":0.6617755625,"9":0.6622067859,"10":0.67494023,"11":0.6800899047,"12":0.6867294344,"13":0.6967918993},"[3,"std"]":{"1":0.0606034498,"2":0.0482526517,"3":0.0479260426,"4":0.052590137,"5":0.0432734252,"6":0.0393295836,"7":0.0330418979,"8":0.0286521073,"9":0.028422273,"10":0.0307401861,"11":0.0192107326,"12":0.0133137026,"13":0.0093256734},"[4,"ci_hi"]":{"1":0.6090608594,"2":0.6457945863,"3":0.6562024099,"4":0.6683300079,"5":0.6776855084,"6":0.6807971368,"7":0.6841080387,"8":0.6870776319,"9":0.6883366862,"10":0.6911084366,"11":0.6980323047,"12":0.7013574925,"13":0.7014087983},"[4,"ci_lo"]":{"1":0.5717396918,"2":0.6135773121,"3":0.6236686165,"4":0.6334816484,"5":0.6548258678,"6":0.6608714274,"7":0.6639279331,"8":0.6677749388,"9":0.6682235514,"10":0.6730495647,"11":0.6796815563,"12":0.6851368194,"13":0.6907041049},"[4,"count"]":{"1":20,"2":20,"3":20,"4":20,"5":20,"6":20,"7":20,"8":20,"9":20,"10":20,"11":20,"12":20,"13":20},"[4,"mean"]":{"1":0.5904002756,"2":0.6296859492,"3":0.6399355132,"4":0.6509058281,"5":0.6662556881,"6":0.6708342821,"7":0.6740179859,"8":0.6774262854,"9":0.6782801188,"10":0.6820790006,"11":0.6888569305,"12":0.693247156,"13":0.6960564516},"[4,"std"]":{"1":0.038862238,"2":0.033547594,"3":0.033877183,"4":0.0362873224,"5":0.0238035638,"6":0.0207484844,"7":0.0210133852,"8":0.0200997423,"9":0.020943649,"10":0.0188045612,"11":0.0191084898,"12":0.0168904592,"13":0.011146713},"[5,"ci_hi"]":{"1":0.5409942963,"2":0.5626263146,"3":0.5781978276,"4":0.5973903614,"5":0.6175533203,"6":0.6339178963,"7":0.6473090813,"8":0.6596206435,"9":0.6685762529,"10":0.6778338847,"11":0.6870430794,"12":0.6922697431,"13":0.696816504},"[5,"ci_lo"]":{"1":0.5179837348,"2":0.5389466926,"3":0.552051117,"4":0.5715844837,"5":0.5953858159,"6":0.6125026025,"7":0.6302054213,"8":0.6448906414,"9":0.6562596999,"10":0.6667299691,"11":0.6781190088,"12":0.6847744152,"13":0.6918552905},"[5,"count"]":{"1":100,"2":100,"3":100,"4":100,"5":100,"6":100,"7":100,"8":100,"9":100,"10":100,"11":100,"12":100,"13":100},"[5,"mean"]":{"1":0.5294890155,"2":0.5507865036,"3":0.5651244723,"4":0.5844874225,"5":0.6064695681,"6":0.6232102494,"7":0.6387572513,"8":0.6522556425,"9":0.6624179764,"10":0.6722819269,"11":0.6825810441,"12":0.6885220792,"13":0.6943358973},"[5,"std"]":{"1":0.0576933375,"2":0.0593708424,"3":0.065556462,"4":0.064701907,"5":0.0555795785,"6":0.0536935949,"7":0.042883231,"8":0.0369318661,"9":0.0308807349,"10":0.027840344,"11":0.0223749176,"12":0.0187926957,"13":0.0124390258},"[6,"ci_hi"]":{"1":null,"2":null,"3":null,"4":null,"5":null,"6":null,"7":null,"8":null,"9":null,"10":null,"11":null,"12":null,"13":null},"[6,"ci_lo"]":{"1":null,"2":null,"3":null,"4":null,"5":null,"6":null,"7":null,"8":null,"9":null,"10":null,"11":null,"12":null,"13":null},"[6,"count"]":{"1":1,"2":1,"3":1,"4":1,"5":1,"6":1,"7":1,"8":1,"9":1,"10":1,"11":1,"12":1,"13":1},"[6,"mean"]":{"1":0.6214330894,"2":0.6758505467,"3":0.7086317882,"4":0.7277235927,"5":0.7273426403,"6":0.7271997831,"7":0.7312189844,"8":0.7233618415,"9":0.7180761272,"10":0.7166865456,"11":0.7121235656,"12":0.7054521099,"13":0.7026462456},"[6,"std"]":{"1":0.0,"2":0.0,"3":0.0,"4":0.0,"5":0.0,"6":0.0,"7":0.0,"8":0.0,"9":0.0,"10":0.0,"11":0.0,"12":0.0,"13":0.0}}