{"Data Scientists":{"1":[0.5106520749,0.6767678583,0.6528846,0.7062539934,0.5371234266,0.5371234266,0.5106520749,0.6528846,0.5345996262,0.5371234266,0.5345996262,0.5680270031,0.6528846,0.5106520749,0.5680270031,0.7707818191,0.5345996262,0.5345996262,0.5106520749,0.5345996262],"10":[0.8285074969,0.8409257496,0.8444179219,0.8331188735,0.8306975193,0.830502577,0.8338510885,0.8385840961,0.8534614568,0.8194222813,0.8399083924,0.8324556771,0.8415652687,0.8284291605,0.8201288889,0.8422678496,0.8340703569,0.8342703575,0.8342703575,0.8231981649],"11":[0.8435286849,0.8406543345,0.8435286849,0.84235379,0.8347498928,0.8363886493,0.8363886493,0.8439867727,0.8481188469,0.8320215495,0.8465566298,0.8419847041,0.8430188167,0.8430188167,0.8401263631,0.8430188167,0.8347498928,0.84235379,0.84235379,0.8295371335],"12":[0.8455228833,0.846312486,0.8443698852,0.8443698852,0.8443698852,0.8371510307,0.8443698852,0.8438451417,0.84860176,0.8438451417,0.8455228833,0.846312486,0.8434768379,0.8438451417,0.839678708,0.8434768379,0.8443698852,0.8450623829,0.8450623829,0.8443698852],"13":[0.8462985592,0.8462985592,0.8462985592,0.8462985592,0.8462985592,0.8462985592,0.8462985592,0.8462985592,0.8462985592,0.8462985592,0.8462985592,0.8462985592,0.8462985592,0.8462985592,0.8462985592,0.8462985592,0.8462985592,0.8462985592,0.8462985592,0.8462985592],"2":[0.7760475569,0.7769729503,0.759556082,0.7638554113,0.6683801654,0.5394845976,0.6967098082,0.6626675379,0.6968253493,0.6683801654,0.6968253493,0.5809499992,0.7014750122,0.6703427829,0.6689095013,0.8175153877,0.6968253493,0.678076331,0.5440590191,0.5809499992],"3":[0.7898592575,0.805193325,0.7895247142,0.8034592771,0.7511463758,0.557908274,0.7262142794,0.7619054061,0.6989641237,0.6914971321,0.7786632044,0.6925229585,0.783917295,0.7133159756,0.7069888539,0.8186802328,0.7773357799,0.6792880314,0.587478985,0.587478985],"4":[0.7901647658,0.8180589665,0.8048593141,0.8063111649,0.7562812813,0.6702440805,0.732484995,0.7708987079,0.7811886188,0.7641695053,0.7854567167,0.7743658552,0.7870628441,0.7328959112,0.7069634129,0.8268462612,0.8030776621,0.7635208679,0.7057334429,0.6076173913],"5":[0.7883993701,0.8356296456,0.8121930607,0.807366592,0.7527787928,0.7244129103,0.7385192373,0.8165266497,0.8067297184,0.7677991655,0.8002957246,0.7787278469,0.7892251627,0.7724266487,0.705755839,0.8247968048,0.8034866149,0.7706440649,0.7097264652,0.7935928615],"6":[0.7951525828,0.8360643889,0.8264739141,0.8059221788,0.7517714523,0.7517714523,0.8133673234,0.8175071015,0.8326361767,0.7673444389,0.8353406432,0.7818573394,0.7890755782,0.7758083216,0.7099921065,0.8332066941,0.7970167475,0.8235613273,0.7099921065,0.7909147345],"7":[0.8047836899,0.8400871949,0.8233905448,0.8065963736,0.8039830888,0.8039830888,0.8172891142,0.816704304,0.8401526859,0.7697897199,0.8341142506,0.7886659266,0.7954023006,0.8029516052,0.7831532164,0.8343083942,0.807433514,0.8285552507,0.7831532164,0.8098830712],"8":[0.8117074688,0.846613352,0.8317679548,0.808219556,0.8098093106,0.8111444223,0.8227192119,0.8382454762,0.8547191806,0.7805366038,0.8317679548,0.8122464885,0.8236062692,0.8166601775,0.8035764155,0.8295494297,0.8043939385,0.8366824437,0.8258309673,0.8072858264],"9":[0.8235125085,0.83934295,0.8385852608,0.8064208158,0.8171059024,0.8225608754,0.8313502499,0.8399983594,0.8546171504,0.8108775997,0.8352502769,0.8193123975,0.837880833,0.8273614872,0.8106797456,0.8286586953,0.8287818404,0.8351984298,0.8313502499,0.8221902255]},"Domain Experts":{"1":[0.7089117708,0.5363147722,0.6651082599,0.6767678583,0.6651082599,0.6767678583,0.6528846,0.6651082599,0.6767678583,0.5680270031],"10":[0.8346338193,0.8284292604,0.8284292604,0.8221063151,0.8194222813,0.8377378209,0.8346338193,0.8221063151,0.8370664548,0.8415652687],"11":[0.8406543345,0.8392186901,0.8363886493,0.8316075218,0.8316075218,0.8384476897,0.8406543345,0.8316075218,0.845426893,0.8440109325],"12":[0.846312486,0.8438451417,0.8371510307,0.836759399,0.8438451417,0.8371510307,0.839678708,0.8438451417,0.846312486,0.846312486],"13":[0.8462985592,0.8462985592,0.8462985592,0.8462985592,0.8462985592,0.8462985592,0.8462985592,0.8462985592,0.8462985592,0.8462985592],"2":[0.7850226224,0.538899854,0.7473907584,0.7473907584,0.7158458325,0.688413663,0.6741655053,0.6909060823,0.76151043,0.7091991925],"3":[0.7893931498,0.557908274,0.7485179661,0.7485179661,0.7485179661,0.7198035303,0.6851208589,0.7342438349,0.7681583512,0.7631113494],"4":[0.7986560364,0.6702440805,0.7642188232,0.7579126833,0.7470981454,0.7261147284,0.7727151187,0.7668696955,0.7734264184,0.7668696955],"5":[0.8066086698,0.7555803144,0.7647532672,0.7586905556,0.7638783231,0.772100741,0.7833759291,0.7724266487,0.7826033148,0.7738150384],"6":[0.825004426,0.7517714523,0.7818573394,0.7698261593,0.7673444389,0.7758083216,0.7875060899,0.7758083216,0.8094926542,0.7758083216],"7":[0.8384467746,0.7697897199,0.7886659266,0.7886659266,0.7697897199,0.7886659266,0.8126158572,0.7697897199,0.8158717561,0.8029516052],"8":[0.8407744513,0.7805366038,0.8116338579,0.7805366038,0.8072729312,0.816743389,0.8223746686,0.8028587431,0.816743389,0.8247659228],"9":[0.839766229,0.8171059024,0.8286033207,0.8108775997,0.8159217562,0.8245689173,0.839766229,0.8108775997,0.8330219182,0.837880833]},"KrowDD":{"1":[0.7062539934,0.7062539934,0.7062539934,0.6767678583,0.6651082599,0.7062539934,0.722114202,0.7062539934,0.7062539934,0.6767678583,0.722114202,0.7062539934,0.6767678583,0.7062539934,0.6767678583,0.6767678583,0.7062539934,0.6528846,0.722114202],"10":[0.8494969537,0.8450978572,0.8427498143,0.8416404936,0.8450978572,0.8415652687,0.8494969537,0.8477821405,0.8427498143,0.8427475348,0.8427498143,0.8416404936,0.8427498143,0.8427498143,0.8427498143,0.8427498143,0.8494969537,0.8416404936,0.8450978572],"11":[0.8496391671,0.8496391671,0.8440109325,0.8453652123,0.8496391671,0.8419847041,0.8496391671,0.8481188469,0.8422843222,0.8422843222,0.8440109325,0.8453652123,0.8422843222,0.8422843222,0.8422843222,0.8453652123,0.8453652123,0.8437664892,0.8496391671],"12":[0.8494881351,0.8455228833,0.8434768379,0.8455228833,0.8455228833,0.8438451417,0.8455228833,0.8455228833,0.8455228833,0.8434768379,0.8434768379,0.8455228833,0.8455228833,0.8434768379,0.8455228833,0.846312486,0.846312486,0.8455228833,0.8494881351],"13":[0.8462985592,0.8462985592,0.8462985592,0.8462985592,0.8462985592,0.8462985592,0.8462985592,0.8462985592,0.8462985592,0.8462985592,0.8462985592,0.8462985592,0.8462985592,0.8462985592,0.8462985592,0.8462985592,0.8462985592,0.8462985592,0.8462985592],"2":[0.7638554113,0.7683043915,0.759556082,0.7683043915,0.7473907584,0.7683043915,0.7758634133,0.7812869718,0.7638554113,0.7769729503,0.7758634133,0.7758634133,0.7683043915,0.7758634133,0.7769729503,0.780806488,0.7638554113,0.759556082,0.7665152852],"3":[0.808071702,0.8104119412,0.7981175823,0.8104119412,0.8079976586,0.8028236015,0.7918783145,0.8389936978,0.808071702,0.8028236015,0.8028236015,0.7826275744,0.8104119412,0.8215930359,0.7837441664,0.8124624458,0.8258598359,0.7895247142,0.7981175823],"4":[0.8315159741,0.8278658978,0.8202661604,0.806989353,0.8267453957,0.8062488353,0.8122352572,0.8416546866,0.8102981805,0.8276461801,0.8173055036,0.8147177929,0.8188795677,0.8235492141,0.8066120309,0.831643645,0.8277510057,0.7972311407,0.8066120309],"5":[0.8356355358,0.8262003693,0.8262003693,0.8287114408,0.8350829886,0.8271445149,0.8207060784,0.843657271,0.8143213193,0.8356296456,0.8207060784,0.8311729116,0.8311729116,0.843657271,0.8207060784,0.8318402844,0.842623408,0.8134214168,0.8262003693],"6":[0.8357488805,0.8318666739,0.8350147521,0.8360643889,0.8403502905,0.8353714918,0.8311273541,0.8479507433,0.8348124221,0.8318666739,0.8350147521,0.8290949859,0.8373275536,0.8465470457,0.8205556953,0.8415401439,0.8479507433,0.8229845371,0.8392179413],"7":[0.8346174965,0.8419692465,0.8346174965,0.8464267459,0.8499468884,0.8444742948,0.8317619814,0.8499468884,0.8446186379,0.8319077888,0.8440698012,0.8354657184,0.8368137253,0.8419692465,0.8285091275,0.8476728723,0.8440698012,0.831481365,0.839019222],