feature,P(X),P(X|Y=0),P(X|Y=1),IG*
target,0.5,-1.0,-1.0,-1.0
higher,0.3,0.6,0.4,0.0290494055453315
Mjob_other,0.9,1.0,0.2,0.350264714601374
