feature,P(X),P(Y|X=0),P(Y|X=1),IG*
Mjob_other,0.3,0.8,0.4,0.203365155242446
higher,0.3,0.9,1.0,0.671703084487503
