{"best":{"1":0.7707818191,"2":0.8175153877,"3":0.8389936978,"4":0.8427999642,"5":0.8482303946,"6":0.8560573705,"7":0.8566785536,"8":0.8561405987,"9":0.8551064695,"10":0.8544582149,"11":0.8536611246,"12":0.8495887343,"13":0.8449362261},"domain":{"1":[0.7850226224,0.538899854,0.7473907584,0.7473907584,0.7158458325,0.688413663,0.6741655053,0.6909060823,0.76151043,0.7091991925],"2":[0.7893931498,0.557908274,0.7485179661,0.7485179661,0.7485179661,0.7198035303,0.6851208589,0.7342438349,0.7681583512,0.7631113494],"3":[0.7986560364,0.6702440805,0.7642188232,0.7578719511,0.7472319227,0.7261147284,0.7727151187,0.7670921254,0.7734264184,0.7670921254],"4":[0.8066086698,0.7555803144,0.7645478091,0.758651221,0.7640600208,0.772100741,0.7833759291,0.7723859165,0.7822188711,0.7738010617],"5":[0.825004426,0.7520136493,0.7810482857,0.7698163756,0.7673488315,0.7756198353,0.7875060899,0.7756198353,0.8086089247,0.7756198353],"6":[0.8384467746,0.7696759093,0.7879455253,0.7879455253,0.7696759093,0.7879455253,0.8126158572,0.7696759093,0.8150627023,0.8025870452],"7":[0.8407744513,0.7800681832,0.8109134567,0.7800681832,0.8072465418,0.8158752336,0.8223746686,0.8027166129,0.8158752336,0.8249646754],"8":[0.839766229,0.8164897278,0.828088544,0.8102909758,0.8161951845,0.8237881831,0.839766229,0.8102909758,0.8321833136,0.8371197993],"9":[0.8345479622,0.8280187102,0.8280187102,0.8218139682,0.8190117311,0.836873975,0.8345479622,0.8218139682,0.8364039239,0.841267198],"10":[0.8400859969,0.8391966102,0.8357767841,0.8314118307,0.8314118307,0.8372384685,0.8400859969,0.8314118307,0.8446867912,0.8432757558],"11":[0.8446981722,0.8436205155,0.8366567532,0.8362134076,0.8436205155,0.8366567532,0.839362351,0.8436205155,0.8446981722,0.8446981722],"12":[0.8449362261,0.8449362261,0.8449362261,0.8449362261,0.8449362261,0.8449362261,0.8449362261,0.8449362261,0.8449362261,0.8449362261],"13":[0.8449362261,0.8449362261,0.8449362261,0.8449362261,0.8449362261,0.8449362261,0.8449362261,0.8449362261,0.8449362261,0.8449362261]},"experts":{"1":[0.7760475569,0.7769729503,0.759556082,0.7638554113,0.6683801654,0.5394845976,0.6967098082,0.6626675379,0.6968253493,0.6683801654,0.6968253493,0.5809499992,0.7014750122,0.6703427829,0.6689095013,0.8175153877,0.6968253493,0.678076331,0.5440590191,0.5809499992],"2":[0.7898592575,0.805193325,0.7895247142,0.8034592771,0.7511463758,0.557908274,0.7262142794,0.7619054061,0.6989641237,0.6914971321,0.7786632044,0.6925229585,0.783917295,0.7133159756,0.7069888539,0.8186802328,0.7773357799,0.6792880314,0.587478985,0.587478985],"3":[0.7904881444,0.8180589665,0.8048593141,0.8063111649,0.7562812813,0.6702440805,0.732484995,0.7708987079,0.7811886188,0.7641695053,0.7854567167,0.7743658552,0.7867082342,0.7328069759,0.7069634129,0.8268462612,0.8030776621,0.7635208679,0.7057334429,0.6076173913],"4":[0.7886890048,0.8356296456,0.8124154906,0.807366592,0.7530519382,0.7244129103,0.7385192373,0.8165266497,0.8067297184,0.7677991655,0.8002957246,0.7787278469,0.7886070579,0.7723859165,0.705755839,0.8247968048,0.8034275133,0.7706440649,0.7097264652,0.7935928615],"5":[0.7956954295,0.8360643889,0.8265485898,0.8059221788,0.7520136493,0.7520136493,0.8133673234,0.8176228423,0.8326361767,0.7673488315,0.8353406432,0.7810482857,0.7883691537,0.7756198353,0.7099921065,0.8332066941,0.797422073,0.8235613273,0.7099921065,0.7909147345],"6":[0.8047566849,0.8400871949,0.8235722425,0.8065963736,0.8042252858,0.8042252858,0.8172891142,0.8165306929,0.8401526859,0.7696759093,0.8336570114,0.7879455253,0.7952716846,0.8025870452,0.7831532164,0.8343083942,0.8078544136,0.8285552507,0.7831532164,0.8098830712],"7":[0.8112692147,0.846613352,0.8314472884,0.808219556,0.8097559994,0.8110601626,0.8227192119,0.8384209342,0.8547191806,0.7800681832,0.8314472884,0.8113783331,0.8233599124,0.8168589301,0.8035764155,0.8297916267,0.8046952371,0.8364810123,0.8258309673,0.8073508848],"8":[0.8230428567,0.8392584905,0.8384702189,0.8064208158,0.8164897278,0.8225344859,0.8313213147,0.8402889425,0.8546171504,0.8102909758,0.8350773646,0.8182767874,0.8371197993,0.826368972,0.8106797456,0.8296944551,0.8287285291,0.8351125727,0.8313213147,0.8219899421],"9":[0.8285968482,0.8408412901,0.8442536286,0.8331188735,0.8301108955,0.8298192974,0.8331204043,0.8389617676,0.8533109073,0.8190117311,0.8400309884,0.8315678211,0.841267198,0.8277428026,0.8201288889,0.8422330076,0.8341906567,0.8345030702,0.8345030702,0.8226694114],"10":[0.8432443414,0.8400859969,0.8432443414,0.8420280653,0.8343393427,0.8357767841,0.8357767841,0.8440551922,0.8483005446,0.8317039613,0.8460968282,0.8413923565,0.8430269032,0.8430269032,0.8401263631,0.8430269032,0.8343393427,0.8420280653,0.8420280653,0.8289892951],"11":[0.8449430315,0.8446981722,0.8439975048,0.8439975048,0.8439975048,0.8366567532,0.8439975048,0.8436205155,0.8486357035,0.8436205155,0.8449430315,0.8446981722,0.8436917802,0.8436205155,0.839362351,0.8436917802,0.8439975048,0.8442190362,0.8442190362,0.8439975048],"12":[0.8449362261,0.8449362261,0.8449362261,0.8449362261,0.8449362261,0.8449362261,0.8449362261,0.8449362261,0.8449362261,0.8449362261,0.8449362261,0.8449362261,0.8449362261,0.8449362261,0.8449362261,0.8449362261,0.8449362261,0.8449362261,0.8449362261,0.8449362261],"13":[0.8449362261,0.8449362261,0.8449362261,0.8449362261,0.8449362261,0.8449362261,0.8449362261,0.8449362261,0.8449362261,0.8449362261,0.8449362261,0.8449362261,0.8449362261,0.8449362261,0.8449362261,0.8449362261,0.8449362261,0.8449362261,0.8449362261,0.8449362261]},"lay":{"1":[0.6893082744,0.7158458325,0.7074690881,0.6851207091,0.5627032951,0.6909060823,0.6549814941,0.7473907584,0.5866943573,0.5440590191,0.5440590191,0.7091991925,0.7136005687,0.6703427829,0.5586568949,0.5769077588,0.5866943573,0.6741655053,0.7473907584,0.7473907584],"2":[0.7045518258,0.7485179661,0.715273851,0.7773357799,0.7020032832,0.7631113494,0.7622175367,0.8003384701,0.7133577727,0.5656963979,0.6988096474,0.7631113494,0.7041017247,0.7649967953,0.7751485029,0.7198035303,0.5913306258,0.7237474176,0.7534335366,0.7534335366],"3":[0.7845327874,0.7670921254,0.8173720596,0.8030776621,0.7831332995,0.7670921254,0.7986560364,0.8072464253,0.7827293717,0.6076173913,0.7057334429,0.7670921254,0.7635208679,0.7837857805,0.7820561918,0.7699856772,0.672202738,0.7670921254,0.752704949,0.7574419],"4":[0.8035364154,0.7723859165,0.8237880334,0.8033410239,0.7891595219,0.7640600208,0.8175279002,0.8061697336,0.7811865722,0.7492437085,0.781641798,0.7723859165,0.822929096,0.8073915338,0.8008843618,0.772100741,0.6772980594,0.7723859165,0.7479979814,0.758651221],"5":[0.8075802198,0.7810482857,0.8428584502,0.8086089247,0.8009656598,0.7735175169,0.8430840914,0.803659627,0.8165522903,0.7942359747,0.7857934231,0.7673488315,0.8235613273,0.816856767,0.8164116909,0.7935868049,0.7716200409,0.7673488315,0.784750808,0.7756198353],"6":[0.8083057126,0.8150627023,0.8426736411,0.8150627023,0.8358955199,0.8142671428,0.8416012256,0.8132184212,0.8425916941,0.8223352175,0.8054067864,0.7749355739,0.8293767837,0.8228060341,0.8299837737,0.7912228219,0.797117197,0.7696759093,0.7873632609,0.8015127661],"7":[0.8242499814,0.8217859315,0.8379949431,0.831819935,0.8375376374,0.8112692147,0.8435645253,0.8109134567,0.8447686217,0.8322328812,0.8269505543,0.7800681832,0.8351503432,0.8285029544,0.8337550982,0.8203707531,0.8227192119,0.7800681832,0.7922647548,0.8158752336],"8":[0.8231017254,0.8270909373,0.8440837779,0.8335595902,0.8361510114,0.8199184058,0.8442963575,0.8102909758,0.8407804413,0.8301744231,0.8452654949,0.8102212918,0.8387608852,0.8246805982,0.8349980133,0.818317686,0.827489757,0.8102212918,0.815668461,0.8102212918],"9":[0.8290047028,0.8277439008,0.8442525305,0.8334805051,0.8411470813,0.8319321482,0.8450294876,0.8280187102,0.842931695,0.8347367647,0.8473556502,0.822044468,0.8392785904,0.8232682649,0.8338541167,0.8277428026,0.8396767945,0.8301108955,0.8277428026,0.8226694114],