,f_count=1,f_count=2,f_count=3,f_count=4,f_count=5,f_count=6,f_count=7,f_count=8,f_count=9,f_count=10,f_count=11,f_count=12,f_count=13
condition=lay,"-6.691950429811077, p**=0.0000","-5.414392556961389, p**=0.0000","-5.002895601984445, p**=0.0001","-6.1674144437666385, p**=0.0000","-6.483444253520525, p**=0.0000","-4.911717745329176, p**=0.0001","-4.18588084074548, p**=0.0003","-5.321469381480666, p**=0.0000","-5.053939205969791, p**=0.0000","-3.760221783441487, p**=0.0008","-3.0274072456344014, p**=0.0057","0.0, p=1.0000","0.0, p=1.0000"
condition=domain_expert,"-2.9053576540517945, p*=0.0152","-3.440524816567413, p**=0.0066","-5.6272753903785615, p**=0.0002","-10.9146838449014, p**=0.0000","-7.641757281194942, p**=0.0000","-5.897092585991634, p**=0.0002","-4.8792530657072835, p**=0.0006","-4.53786426395142, p**=0.0010","-5.229013332030087, p**=0.0002","-4.336575540209249, p**=0.0008","-3.0339897333030468, p*=0.0116","4.358898943540673, p**=0.0003","4.358898943540673, p**=0.0003"
condition=data_scientist,"-4.921619463841336, p**=0.0001","-4.191326252074411, p**=0.0004","-4.773665246498593, p**=0.0001","-5.755760335030511, p**=0.0000","-4.7519167885182085, p**=0.0001","-5.960155753989542, p**=0.0000","-4.843244049285242, p**=0.0001","-5.239311409789685, p**=0.0000","-4.593634637057966, p**=0.0001","-3.55376736973878, p**=0.0012","-2.1915510552044184, p*=0.0352","0.0, p=1.0000","0.0, p=1.0000"
condition=csfs,"0.0, p=1.0000","0.0, p=1.0000","0.0, p=1.0000","0.0, p=1.0000","0.0, p=1.0000","0.0, p=1.0000","0.0, p=1.0000","0.0, p=1.0000","0.0, p=1.0000","0.0, p=1.0000","0.0, p=1.0000","0.0, p=1.0000","0.0, p=1.0000"
condition=random,"-7.623877278167568, p**=0.0000","-6.751381408572575, p**=0.0000","-7.438226863221073, p**=0.0000","-7.67837427527415, p**=0.0000","-7.569168416669751, p**=0.0000","-6.736817471556263, p**=0.0000","-5.540701276933878, p**=0.0000","-5.673018000935519, p**=0.0000","-4.504959368810406, p**=0.0001","-3.574184734775523, p**=0.0009","-3.00046818300748, p**=0.0038","10.557777543908882, p**=0.0000","10.557777543908882, p**=0.0000"
