,f_count=1,f_count=2,f_count=3,f_count=4,f_count=5,f_count=6,f_count=7,f_count=8,f_count=9,f_count=10,f_count=11,f_count=12,f_count=13
condition=lay,"-1.8538095250808029, p=0.0793","-0.05360601951157334, p=0.9579","0.48398256681523383, p=0.6327","0.8852193171638658, p=0.3836","2.006037347958218, p=0.0586","2.169905220149455, p*=0.0444","1.5684394686843537, p=0.1342","0.40607750775907087, p=0.6892","1.1317752810183324, p=0.2720","0.5875451070613309, p=0.5624","0.46047997626277076, p=0.6501","-4.358898943540673, p**=0.0003","-4.358898943540673, p**=0.0003"
condition=domain_expert,"0.0, p=1.0000","0.0, p=1.0000","0.0, p=1.0000","0.0, p=1.0000","0.0, p=1.0000","0.0, p=1.0000","0.0, p=1.0000","0.0, p=1.0000","0.0, p=1.0000","0.0, p=1.0000","0.0, p=1.0000","nan, p=nan","nan, p=nan"
condition=data_scientist,"-0.8558713323987684, p=0.4022","-0.04687463360559412, p=0.9631","0.3013627022959738, p=0.7655","0.6909473668623296, p=0.4955","0.9555277063108546, p=0.3476","1.8249631858509638, p=0.0867","1.4233178675794322, p=0.1731","0.5395003425905589, p=0.5960","1.2324397721467675, p=0.2321","1.4006389583082353, p=0.1779","1.8360383124038226, p=0.0902","-4.358898943540673, p**=0.0003","-4.358898943540673, p**=0.0003"
condition=csfs,"2.9053576540517945, p*=0.0152","3.440524816567413, p**=0.0066","5.6272753903785615, p**=0.0002","10.9146838449014, p**=0.0000","7.641757281194942, p**=0.0000","5.897092585991634, p**=0.0002","4.8792530657072835, p**=0.0006","4.53786426395142, p**=0.0010","5.229013332030087, p**=0.0002","4.336575540209249, p**=0.0008","3.0339897333030468, p*=0.0116","-4.358898943540673, p**=0.0003","-4.358898943540673, p**=0.0003"
condition=random,"-0.3049303967131442, p=0.7660","1.2838354543194175, p=0.2276","2.690365704174152, p*=0.0210","6.251090895822604, p**=0.0000","4.813715174782407, p**=0.0006","3.8784835274065967, p**=0.0032","3.214881896256951, p**=0.0095","2.6152109954735536, p*=0.0257","3.271022808387736, p**=0.0079","2.5235787721696794, p*=0.0277","1.7331982218996986, p=0.1110","9.9498743710662, p**=0.0000","9.9498743710662, p**=0.0000"
