,f_count=1,f_count=2,f_count=3,f_count=4,f_count=5,f_count=6,f_count=7,f_count=8,f_count=9,f_count=10,f_count=11,f_count=12,f_count=13
condition=lay,"-1.1279377540852276, p=0.2664","-0.0023694895511619163, p=0.9981","0.15955372281426702, p=0.8741","0.11084494391891911, p=0.9123","0.6459760380221679, p=0.5230","0.5111047867040759, p=0.6123","0.23439937557995205, p=0.8159","-0.15446906075706887, p=0.8781","-0.15400779127130926, p=0.8784","-0.769295347096593, p=0.4468","-1.5580253293401543, p=0.1299","0.0, p=1.0000","0.0, p=1.0000"
condition=domain_expert,"0.8558713323987684, p=0.4022","0.04687463360559412, p=0.9631","-0.3013627022959738, p=0.7655","-0.6909473668623296, p=0.4955","-0.9555277063108546, p=0.3476","-1.8249631858509638, p=0.0867","-1.4233178675794322, p=0.1731","-0.5395003425905589, p=0.5960","-1.2324397721467675, p=0.2321","-1.4006389583082353, p=0.1779","-1.8360383124038226, p=0.0902","4.358898943540673, p**=0.0003","4.358898943540673, p**=0.0003"
condition=data_scientist,"0.0, p=1.0000","0.0, p=1.0000","0.0, p=1.0000","0.0, p=1.0000","0.0, p=1.0000","0.0, p=1.0000","0.0, p=1.0000","0.0, p=1.0000","0.0, p=1.0000","0.0, p=1.0000","0.0, p=1.0000","0.0, p=1.0000","0.0, p=1.0000"
condition=csfs,"4.921619463841336, p**=0.0001","4.191326252074411, p**=0.0004","4.773665246498593, p**=0.0001","5.755760335030511, p**=0.0000","4.7519167885182085, p**=0.0001","5.960155753989542, p**=0.0000","4.843244049285242, p**=0.0001","5.239311409789685, p**=0.0000","4.593634637057966, p**=0.0001","3.55376736973878, p**=0.0012","2.1915510552044184, p*=0.0352","0.0, p=1.0000","0.0, p=1.0000"
condition=random,"0.8919487466113447, p=0.3804","1.6003191875701814, p=0.1234","2.0910705307495574, p*=0.0480","2.994036147249192, p**=0.0067","2.587004035548427, p*=0.0172","2.8066982119529804, p**=0.0099","2.353064946072704, p*=0.0276","2.658479332687269, p*=0.0139","2.1852087147167265, p*=0.0388","1.1799710053217203, p=0.2476","-0.33157145569116037, p=0.7418","10.557777543908882, p**=0.0000","10.557777543908882, p**=0.0000"
