,f_count=1,f_count=2,f_count=3,f_count=4,f_count=5,f_count=6,f_count=7,f_count=8,f_count=9,f_count=10,f_count=11,f_count=12,f_count=13
condition=lay,"-2.4182646090412394, p*=0.0224","-2.048230170394513, p=0.0509","-2.057732856940282, p=0.0510","-3.130111068591697, p**=0.0048","-2.9509636067291116, p**=0.0069","-1.9538436291236168, p=0.0631","-1.8694814470774928, p=0.0747","-2.801096246527893, p*=0.0101","-2.5391368481694547, p*=0.0177","-1.8426203531709058, p=0.0775","-1.434671422058637, p=0.1634","-10.557777543908882, p**=0.0000","-10.557777543908882, p**=0.0000"
condition=domain_expert,"0.3049303967131442, p=0.7660","-1.2838354543194175, p=0.2276","-2.690365704174152, p*=0.0210","-6.251090895822604, p**=0.0000","-4.813715174782407, p**=0.0006","-3.8784835274065967, p**=0.0032","-3.214881896256951, p**=0.0095","-2.6152109954735536, p*=0.0257","-3.271022808387736, p**=0.0079","-2.5235787721696794, p*=0.0277","-1.7331982218996986, p=0.1110","-9.9498743710662, p**=0.0000","-9.9498743710662, p**=0.0000"
condition=data_scientist,"-0.8919487466113447, p=0.3804","-1.6003191875701814, p=0.1234","-2.0910705307495574, p*=0.0480","-2.994036147249192, p**=0.0067","-2.587004035548427, p*=0.0172","-2.8066982119529804, p**=0.0099","-2.353064946072704, p*=0.0276","-2.658479332687269, p*=0.0139","-2.1852087147167265, p*=0.0388","-1.1799710053217203, p=0.2476","0.33157145569116037, p=0.7418","-10.557777543908882, p**=0.0000","-10.557777543908882, p**=0.0000"
condition=csfs,"7.623877278167568, p**=0.0000","6.751381408572575, p**=0.0000","7.438226863221073, p**=0.0000","7.67837427527415, p**=0.0000","7.569168416669751, p**=0.0000","6.736817471556263, p**=0.0000","5.540701276933878, p**=0.0000","5.673018000935519, p**=0.0000","4.504959368810406, p**=0.0001","3.574184734775523, p**=0.0009","3.00046818300748, p**=0.0038","-10.557777543908882, p**=0.0000","-10.557777543908882, p**=0.0000"
condition=random,"0.0, p=1.0000","0.0, p=1.0000","0.0, p=1.0000","0.0, p=1.0000","0.0, p=1.0000","0.0, p=1.0000","0.0, p=1.0000","0.0, p=1.0000","0.0, p=1.0000","0.0, p=1.0000","0.0, p=1.0000","0.0, p=1.0000","0.0, p=1.0000"
