,f_count=1,f_count=2,f_count=3,f_count=4,f_count=5,f_count=6,f_count=7,f_count=8,f_count=9,f_count=10,f_count=11,f_count=12,f_count=13
condition=lay,"0.0, p=1.0000","0.0, p=1.0000","0.0, p=1.0000","0.0, p=1.0000","0.0, p=1.0000","0.0, p=1.0000","0.0, p=1.0000","0.0, p=1.0000","0.0, p=1.0000","0.0, p=1.0000","0.0, p=1.0000","0.0, p=1.0000","0.0, p=1.0000"
condition=domain_expert,"1.8538095250808029, p=0.0793","0.05360601951157334, p=0.9579","-0.48398256681523383, p=0.6327","-0.8852193171638658, p=0.3836","-2.006037347958218, p=0.0586","-2.169905220149455, p*=0.0444","-1.5684394686843537, p=0.1342","-0.40607750775907087, p=0.6892","-1.1317752810183324, p=0.2720","-0.5875451070613309, p=0.5624","-0.46047997626277076, p=0.6501","4.358898943540673, p**=0.0003","4.358898943540673, p**=0.0003"
condition=data_scientist,"1.1279377540852276, p=0.2664","0.0023694895511619163, p=0.9981","-0.15955372281426702, p=0.8741","-0.11084494391891911, p=0.9123","-0.6459760380221679, p=0.5230","-0.5111047867040759, p=0.6123","-0.23439937557995205, p=0.8159","0.15446906075706887, p=0.8781","0.15400779127130926, p=0.8784","0.769295347096593, p=0.4468","1.5580253293401543, p=0.1299","0.0, p=1.0000","0.0, p=1.0000"
condition=csfs,"6.691950429811077, p**=0.0000","5.414392556961389, p**=0.0000","5.002895601984445, p**=0.0001","6.1674144437666385, p**=0.0000","6.483444253520525, p**=0.0000","4.911717745329176, p**=0.0001","4.18588084074548, p**=0.0003","5.321469381480666, p**=0.0000","5.053939205969791, p**=0.0000","3.760221783441487, p**=0.0008","3.0274072456344014, p**=0.0057","0.0, p=1.0000","0.0, p=1.0000"
condition=random,"2.4182646090412394, p*=0.0224","2.048230170394513, p=0.0509","2.057732856940282, p=0.0510","3.130111068591697, p**=0.0048","2.9509636067291116, p**=0.0069","1.9538436291236168, p=0.0631","1.8694814470774928, p=0.0747","2.801096246527893, p*=0.0101","2.5391368481694547, p*=0.0177","1.8426203531709058, p=0.0775","1.434671422058637, p=0.1634","10.557777543908882, p**=0.0000","10.557777543908882, p**=0.0000"
