,n p,n p|f=0,n p|f=1,p,p|f=0,p|f=1,std p,std p|f=0,std p|f=1,IG
"electricity consumption per person_(4244.0286, 48501.33]",21.0,25.0,25.0,0.5,0.3599999999999999,0.624,0.22135943621178655,0.223606797749979,0.277308492477241,0.008101274738816056
"internet users_[14400, 1167666.667]",27.0,27.0,27.0,0.35555555555555546,0.6296296296296297,0.24814814814814812,0.1928198308771356,0.27570164310608675,0.17402557365197874,0.056782324147077956
medals,14.0,,,0.37857142857142856,,,0.23263894583856573,,,
