,n p,n p|f=0,n p|f=1,n unique p,n unique p|f=0 ,n unique p|f=1 ,p,p|f=0,p|f=1,std p,std p|f=0,std p|f=1,IG
"electricity consumption_[16.0455, 20.243]",0.4,0.4,19.0,0.4,0.4,13.0,0.4,0.4,0.368421052631579,0.4,0.4,0.20290290940071523,0.0376488371720195
T,0.5,0.5,0.5,0.5,0.5,0.5,0.5,0.5,0.5,0.5,0.5,0.5,0.0
