{"Human":{"1":[0.5,0.5,0.5,0.5,0.4999797735,0.4999797735,0.5,0.5290923651,0.5,0.5,0.5,0.5,0.5,0.5,0.5,0.5,0.5,0.5364076098,0.5,0.5172309458,0.5450173036,0.5143719867,0.5,0.5,0.5,0.5,0.5,0.5290923651,0.5,0.5,0.5,0.5],"2":[0.5063140808,0.4951953227,0.5,0.5938310351,0.5,0.5,0.4998284872,0.5302857308,0.5147721831,0.5,0.5480976572,0.5772548001,0.5,0.5296077093,0.5674606614,0.5458201242,0.5113344974,0.5994032694,0.5450173036,0.5149148009,0.5159596118,0.5,0.5,0.5,0.5,0.5,0.5178240941,0.6261981385,0.5449737055,0.5446709266,0.5430439287,0.5315168665],"3":[0.5240022177,0.516106438,0.5069382182,0.5721351587,0.5405095746,0.5796200094,0.5638527176,0.52906347,0.5175250561,0.5205992771,0.6314873264,0.5607955015,0.4999565323,0.5621717574,0.5905468066,0.5280787679,0.5,0.5995113113,0.5288704924,0.5726859353,0.5635547726,0.5034248894,0.5114981672,0.6245140672,0.5846525989,0.5,0.5177750757,0.6257596819,0.5942919489,0.5300721138,0.570515075,0.5354268326],"4":[0.542634264,0.553911126,0.6001088932,0.6845741953,0.6249491959,0.6547658747,0.5592912043,0.5640723749,0.533141594,0.5425333119,0.6107245563,0.5465307361,0.5,0.5327502724,0.7252006142,0.5574269765,0.6159573705,0.5665215552,0.5165911783,0.660967842,0.5371197053,0.5144314279,0.6566485861,0.6041651976,0.5166016528,0.5357532166,0.5419938773,0.6235883219,0.6673195039,0.5,0.6994059228,0.5658544768],"5":[0.6195638601,0.5367522115,0.6583953932,0.702819578,0.6768182212,0.703947179,0.5444703124,0.5776512243,0.5911572366,0.5441987763,0.7074529947,0.5656763919,0.5000202265,0.641559208,0.7242154597,0.5445289023,0.5185358154,0.6492469888,0.6312731789,0.6206087517,0.5392783911,0.5831251114,0.6092913849,0.6200390008,0.6409935702,0.5348470987,0.6355574011,0.6353450925,0.6406961799,0.5710507031,0.6123148653,0.5289075741],"6":[0.720043131,0.5683440761,0.6895522243,0.5788351256,0.60314909,0.6030415139,0.5923412605,0.5298151783,0.5516336534,0.6892964231,0.6365049782,0.5729159443,0.5276671424,0.5626689551,0.6495913756,0.6639217752,0.6091749926,0.6934324241,0.5526239092,0.6707237407,0.6611861018,0.6016436134,0.6490432899,0.5058550665,0.6064517198,0.5137812958,0.6589266107,0.7247371324,0.7191697571,0.7705649507,0.5964182518,0.5590827715],"7":[0.6499211578,0.5,0.6851616043,0.6900847987,0.6377852097,0.6762062395,0.5499385464,0.5240387261,0.5082116387,0.6994630007,0.626654216,0.5561931101,0.5,0.7354334361,0.7031168052,0.5832903519,0.5847813367,0.5413265306,0.5264393864,0.6242819321,0.6240357531,0.6175397521,0.6326812936,0.5409852336,0.5509048552,0.5415087242,0.6772910641,0.6747461221,0.6225112896,0.6905209056,0.6612652003,0.6481586111],"8":[0.5971065732,0.6272551564,0.6142361741,0.6836607031,0.6555511009,0.6667563198,0.6498090605,0.5316759165,0.5692288065,0.6482530563,0.6447184669,0.5247914734,0.5803236556,0.7061449625,0.6757496048,0.6401371638,0.5625774749,0.6442477322,0.5724271019,0.6908701103,0.5620836029,0.6052094599,0.6432584487,0.5190958377,0.5581662474,0.5496860243,0.6420047904,0.6961171498,0.6739654588,0.6043384841,0.677272174,0.6460090256],"9":[0.7112852726,0.6599451696,0.686714446,0.5708650147,0.6818435374,0.7281091593,0.5829937938,0.5520199448,0.5869609811,0.6958392996,0.6316916967,0.6669197851,0.695978015,0.7026108298,0.6742232955,0.5869496233,0.58795151,0.5754945698,0.5361009118,0.6903771392,0.649791904,0.6676355394,0.6221167123,0.6329457268,0.5830389088,0.5916070448,0.6524628131,0.6021846724,0.5733605411,0.7144196652,0.6935813767,0.6719281509]},"KrowDD":{"1":[0.5,0.5,0.5,0.5143096559,0.5,0.5,0.5,0.5,0.5156536887,0.5,0.5,0.5,0.5,0.5,0.5258406397,0.5258406397,0.5258406397,0.5,0.5],"2":[0.5,0.5216106103,0.5,0.5149350274,0.5,0.5,0.5156536887,0.5735141751,0.5077298395,0.5,0.5,0.5147203784,0.5156536887,0.5134287696,0.5530300716,0.5147203784,0.5289879301,0.5142675517,0.5],"3":[0.5301739215,0.5147203784,0.5077209646,0.5143096559,0.5181974853,0.5,0.5398785531,0.5761832167,0.5405837016,0.4993906273,0.617696375,0.5972862383,0.5438582533,0.5,0.5979435368,0.5198644951,0.5286395383,0.5444201588,0.5],"4":[0.5075776245,0.5143096559,0.5804156983,0.5328183564,0.5405895004,0.5,0.6134751398,0.6184406712,0.604514788,0.5373385747,0.6190911304,0.5595520854,0.5556832387,0.5254185913,0.6506605866,0.5226469623,0.5919277281,0.5654029467,0.5631351618],"5":[0.5447137532,0.5545783936,0.6015048638,0.5262409135,0.5923750199,0.5,0.6188681601,0.6314667341,0.6166585665,0.6261303785,0.5791109416,0.6169823497,0.6459794597,0.5330757804,0.5844867967,0.5734374742,0.553111857,0.6133925218,0.5418375508],"6":[0.5948535912,0.5833876922,0.5626980601,0.5602521863,0.600772241,0.609741348,0.6272050537,0.5422245992,0.6430903868,0.6192556892,0.5845024736,0.5767669596,0.6353592608,0.634455094,0.5810016315,0.6249456154,0.6347945459,0.5996683003,0.5629569288],"7":[0.6058166258,0.6278011007,0.6220046142,0.5645135875,0.5846111397,0.6700280127,0.5884688615,0.6011964616,0.6298564117,0.5979041212,0.5532792975,0.5817270264,0.6724234588,0.6735533697,0.5802252245,0.6514733343,0.5768741796,0.561768981,0.6314174599],"8":[0.545520338,0.5458483226,0.5698877943,0.5948932674,0.5914635759,0.6334396001,0.5977914118,0.577179719,0.5904316611,0.5403360237,0.5986758068,0.5652511702,0.59866315,0.6946401316,0.6087189791,0.6873830782,0.5660680435,0.5364299285,0.6167941661],"9":[0.6974182618,0.5548690745,0.6200895921,0.6268071656,0.6200026569,0.675882445,0.5944170847,0.6366327356,0.5786007427,0.5239048259,0.6201886899,0.6339186904,0.5897339447,0.6469940373,0.5621988723,0.6233320419,0.5523475167,0.5522048216,0.661236637]},"Laypeople":{"1":[0.5501234232,0.519176664,0.5,0.5,0.5,0.5,0.5,0.5,0.4878172264,0.5,0.5,0.5,0.5,0.5,0.5,0.5,0.5,0.4921529291,0.550306494,0.5],"2":[0.6771006599,0.5,0.5547705991,0.5,0.5336399305,0.5,0.5100419475,0.5709132075,0.5,0.5,0.5343417057,0.5144314279,0.5792530938,0.529449606,0.5076941335,0.5123507777,0.5,0.5,0.6172279273,0.5],"3":[0.6166732033,0.5298079305,0.5581995412,0.5465458028,0.5698644908,0.5119165263,0.5,0.6340003705,0.5323057014,0.5445191354,0.5261608072,0.5766001152,0.5350863979,0.5391962686,0.5,0.5156234263,0.5068896126,0.5149453605,0.5975083692,0.519303563],"4":[0.6639995363,0.6352373711,0.6305253017,0.5313078362,0.551232157,0.5219290479,0.5506365941,0.5917440213,0.5197319345,0.5447225249,0.5330877555,0.6426380822,0.5962146924,0.5,0.5320760889,0.5571510871,0.5553017317,0.5,0.5624260976,0.5146320421],"5":[0.6663436686,0.6526825916,0.6283630488,0.6103116383,0.5803985845,0.6184164427,0.6233705512,0.6097608266,0.6234895059,0.5252423315,0.5814360635,0.606756876,0.6177210007,0.5096408861,0.7188635826,0.5097586076,0.5588702378,0.5134287696,0.5484578555,0.5170664504],"6":[0.6414356898,0.717608314,0.6397206106,0.5843970583,0.5701164027,0.5239573272,0.6627299479,0.5543502793,0.5572673639,0.5287018175,0.5247579066,0.7096342797,0.6507193062,0.5333543854,0.6682588357,0.5822017824,0.6195522247,0.5630135607,0.6317903502,0.5503513845],"7":[0.5336034481,0.7405427634,0.6093478851,0.6908943909,0.6193935083,0.5945703873,0.6940817679,0.5769540796,0.7008001707,0.5850912498,0.6250910452,0.7148898569,0.6177010322,0.5000202265,0.676922811,0.5816104142,0.5523285085,0.533759998,0.6250466728,0.5383736626],"8":[0.6435111666,0.7126850831,0.7102694062,0.6065450133,0.5652856895,0.5400853591,0.6225316143,0.567692698,0.6317253494,0.589788385,0.716962885,0.6917813007,0.6433992895,0.581667187,0.7347007094,0.5953416191,0.5629795542,0.5205543748,0.5272229584,0.576219092],"9":[0.5514806651,0.6796955163,0.6004443222,0.6817407174,0.5853717503,0.6751951243,0.6490305194,0.5470304915,0.6241534007,0.615012102,0.7081354807,0.6470210262,0.6770582308,0.5267639656,0.6916357704,0.5460926694,0.5761956901,0.590410222,0.5759500281,0.5836508647]},