{"Human":{"1":[0.6188299865,0.6658366022,0.6188299865,0.6240778624,0.500098118,0.500098118,0.5023695524,0.6658366022,0.4992122299,0.500098118,0.6188299865,0.6658366022,0.500098118,0.5800207944,0.6658366022,0.6658366022,0.6240778624,0.6658366022,0.6658366022,0.6658366022,0.6658366022,0.6658366022,0.6240778624,0.6240778624,0.5023695524,0.4992122299,0.6240778624,0.6658366022,0.4992122299,0.4992122299,0.6658366022,0.6658366022],"2":[0.7330446765,0.6498442565,0.6915821234,0.7655254715,0.6189297294,0.6189297294,0.501571611,0.6611923418,0.6611923418,0.6189297294,0.7166883745,0.7166883745,0.5001275174,0.7023076596,0.7223971704,0.6611923418,0.6243682791,0.7223971704,0.6498442565,0.6746283715,0.6746283715,0.6498442565,0.6243682791,0.6259602202,0.501571611,0.501571611,0.6915821234,0.7277186739,0.6611923418,0.6611923418,0.6611923418,0.6746283715],"3":[0.7435088156,0.6905394835,0.7168994971,0.7725730805,0.7246963214,0.7664668361,0.6699841111,0.645199996,0.645199996,0.6191078366,0.7618043418,0.7219330772,0.5801154181,0.7022874903,0.7185838911,0.645199996,0.6262499776,0.7410855931,0.645199996,0.6699841111,0.7080063109,0.6498223071,0.6205264104,0.7087945834,0.6699841111,0.6206810983,0.7572873193,0.7618043418,0.7255827255,0.6699841111,0.6699841111,0.7219330772],"4":[0.7657195043,0.6871382549,0.7729201745,0.7729824625,0.7677915945,0.7723420262,0.6700082799,0.6871382549,0.7072512343,0.7116291509,0.809728042,0.7219376515,0.5802520838,0.7022873614,0.8312193188,0.7072512343,0.7051725014,0.7411074429,0.6871382549,0.7766860532,0.7079813695,0.645179566,0.7642688838,0.7132453545,0.7046050823,0.6627377278,0.757279847,0.809728042,0.7908224169,0.6535019056,0.7288936214,0.7172473088],"5":[0.8118127207,0.6924449814,0.8036494499,0.7710133728,0.7681583439,0.7727012505,0.6699959878,0.6871490767,0.7506846587,0.7597795286,0.812325265,0.7172509271,0.5797266549,0.746348094,0.8340446203,0.7072123787,0.7104951652,0.7719130902,0.7295816441,0.7886049145,0.7045813254,0.704646958,0.7755065392,0.7098975994,0.745939805,0.7146862002,0.8097235844,0.8104102087,0.7907988923,0.7133317678,0.761891881,0.7126772435],"6":[0.8117208266,0.7337412406,0.8166110063,0.7612793914,0.7678245632,0.7725860393,0.7046027372,0.69245704,0.7519113746,0.8320084571,0.808627892,0.7126556866,0.7046027372,0.7448531974,0.8218855793,0.7914221607,0.7332142432,0.8029976332,0.7332142432,0.806850212,0.7458754312,0.710237803,0.7754307739,0.7148251009,0.730806799,0.7177280524,0.8096232567,0.8091697481,0.8084517231,0.8041914126,0.7618451031,0.7502204282],"7":[0.8106411349,0.7337179994,0.8165428902,0.8032038726,0.7737598173,0.7903722016,0.6924285916,0.6920709143,0.7642352755,0.8293326722,0.8198776075,0.7535809166,0.6924285916,0.8139024381,0.8248585124,0.7913048581,0.7360140606,0.8001462521,0.7360140606,0.80261189,0.7458881855,0.7552749814,0.7754076615,0.714748784,0.7360140606,0.7654556872,0.810301454,0.805461858,0.8091744118,0.8147450122,0.8327337777,0.7962084957],"8":[0.8064286125,0.7639687778,0.8157998424,0.8207836307,0.7908971034,0.8298780969,0.7318112089,0.6917124093,0.7662020208,0.8275239654,0.8223989378,0.7546860431,0.7314085267,0.8148359176,0.8197824677,0.7939194741,0.7360322516,0.7995934172,0.7603188261,0.8278155158,0.7348275961,0.7981231235,0.7749978156,0.7546860431,0.7360317105,0.7654515646,0.8192357084,0.8087000603,0.8090570249,0.8148384281,0.8362501752,0.808763709],"9":[0.8076419501,0.7662006295,0.8237862921,0.8240632455,0.8280083201,0.8308443986,0.7359314413,0.7329199877,0.8027758594,0.8280083201,0.8224004065,0.8019320165,0.8185215603,0.8021241843,0.8277078057,0.7976560014,0.7662148009,0.8125595916,0.787142565,0.8278168299,0.7652494507,0.8089521413,0.7929409746,0.8019320165,0.7603287461,0.7852654918,0.818630939,0.8086022329,0.8053469645,0.8139885986,0.8343401848,0.8104021124]},"KrowDD":{"1":[0.5023695524,0.5023695524,0.5800207944,0.5800207944,0.4593915033,0.5023695524,0.5800207944,0.4593915033,0.5023695524,0.5023695524,0.5023695524,0.5800207944,0.6658366022,0.4593915033,0.5800207944,0.6658366022,0.5023695524,0.5800207944,0.4593915033],"2":[0.5801592186,0.6158897398,0.5800950885,0.7023076596,0.5800525385,0.6746283715,0.6682859242,0.5800525385,0.5801592186,0.5023955248,0.5801592186,0.7023076596,0.7023076596,0.5023955248,0.7023076596,0.6746283715,0.6746283715,0.7023076596,0.5023955248],"3":[0.7080063109,0.6830080064,0.6620272512,0.7464044004,0.580191916,0.7080063109,0.668599089,0.6683193688,0.7080063109,0.580191916,0.580191916,0.7080063109,0.7464044004,0.6158790726,0.7080063109,0.7080063109,0.7291401891,0.7080063109,0.6200975234],"4":[0.6958462099,0.6815215981,0.6624700006,0.7449174145,0.663371708,0.748189902,0.6637030218,0.663371708,0.7080061563,0.663371708,0.6707377567,0.748189902,0.748189902,0.7291493361,0.6958462099,0.748189902,0.7269382191,0.748189902,0.6204973203],"5":[0.6958600464,0.6810245761,0.6628078325,0.7465943039,0.7482159775,0.7330815477,0.670183623,0.7482159775,0.7481880469,0.6699066682,0.7140840833,0.7330815477,0.7330815477,0.7087741197,0.6924449814,0.7465943039,0.7098975994,0.7330815477,0.627684706],"6":[0.7333598903,0.6835018465,0.739332122,0.7728178168,0.7465916758,0.733095745,0.7115050423,0.7465916758,0.7465777104,0.7125104246,0.7737515722,0.730806799,0.730806799,0.7067120402,0.7348797566,0.8323432093,0.730806799,0.730806799,0.7069567158],"7":[0.7372451367,0.7143191227,0.7393602588,0.7622141649,0.7308244231,0.7372600811,0.711495045,0.7308244231,0.7308104578,0.7115007651,0.760722637,0.7307310479,0.7360140606,0.8315969745,0.734262069,0.8215132579,0.7301490959,0.7308244231,0.7917079134],"8":[0.7672083726,0.8328356094,0.7980825192,0.7621990401,0.730140928,0.8036798923,0.7114485111,0.7360170237,0.8215111193,0.7108638134,0.7599739973,0.7300735511,0.7359470556,0.8310077097,0.7341979015,0.8215115316,0.7301314718,0.8215111193,0.791609343],"9":[0.766214569,0.8328352744,0.7976560014,0.8183922233,0.7296659053,0.8300986462,0.7110970432,0.8277328327,0.8277328842,0.8080092406,0.7898982299,0.7296458069,0.8276401878,0.8283295024,0.8267799281,0.8208414479,0.7297154769,0.8208410356,0.8247508669]}}