{"Human":{"1":[0.5106520749,0.6767678583,0.6528846,0.7062539934,0.5371234266,0.5371234266,0.5106520749,0.6528846,0.5345996262,0.5371234266,0.5345996262,0.5680270031,0.6528846,0.5106520749,0.5680270031,0.7707818191,0.5345996262,0.5345996262,0.5106520749,0.5345996262,0.7089117708,0.5363147722,0.6651082599,0.6767678583,0.6651082599,0.6767678583,0.6528846,0.6651082599,0.6767678583,0.5680270031],"2":[0.7622822623,0.7769729503,0.7544930402,0.7587315374,0.6489221768,0.4983235895,0.7277755482,0.647216149,0.6968253493,0.6489221768,0.6968253493,0.5738554046,0.7018184408,0.6729301442,0.6687280698,0.8175153877,0.6968253493,0.678076331,0.5447352938,0.5738554046,0.7891314187,0.5201537808,0.7427611288,0.7427611288,0.715564301,0.688413663,0.6780324706,0.6974585456,0.7625742598,0.7106413927],"3":[0.7829312857,0.7883665913,0.7760312007,0.7993324109,0.7220375795,0.5334600059,0.7301965862,0.7532481284,0.6808233433,0.7177488492,0.7913254345,0.6644924346,0.7778802073,0.7096679126,0.7146199224,0.8170846212,0.7766992059,0.654786036,0.5756028968,0.5756028968,0.7843774958,0.5334600059,0.7389709523,0.7389709523,0.7389709523,0.7200636973,0.6765811689,0.7351965829,0.7648757468,0.7609540724],"4":[0.7760152107,0.8048687484,0.7928895152,0.8138795045,0.7238788988,0.6685497332,0.7296715432,0.7739845397,0.7910793772,0.7788455676,0.7782064312,0.7624519466,0.7687969053,0.7235462357,0.7155656321,0.811281827,0.7869743913,0.7832296725,0.6915321405,0.5878404502,0.7715700075,0.6685497332,0.7576475911,0.744385609,0.727282036,0.7177257211,0.7707224345,0.7634131472,0.7609108444,0.7634131472],"5":[0.7994997824,0.8161607751,0.8050894811,0.8090640508,0.7300843896,0.700845543,0.7470424214,0.8094239519,0.7925533745,0.7608969508,0.8036766487,0.7420023248,0.765788661,0.759265399,0.7225887789,0.8142050461,0.7750173545,0.7764414015,0.6874738435,0.749582944,0.7861553874,0.7253154251,0.7275908721,0.7215630191,0.7757161417,0.7577693052,0.7772214202,0.759265399,0.7573106185,0.766085933],"6":[0.7819435293,0.8133897528,0.8089769124,0.8041980811,0.7178129426,0.7178129426,0.7890321671,0.8214318707,0.8158094597,0.7565007328,0.8186827619,0.7526031517,0.7444467406,0.759057495,0.6945348274,0.7965036513,0.7641131823,0.8113354212,0.6945348274,0.7723020727,0.8148823524,0.7178129426,0.7526031517,0.7318802013,0.7637702363,0.759057495,0.7828145799,0.759057495,0.7683436761,0.759057495],"7":[0.7988218271,0.8046628078,0.8066186865,0.7760173405,0.7674200464,0.7593231197,0.7818394858,0.8079295719,0.8004183705,0.7433907478,0.806074126,0.7520559123,0.7468436189,0.779588315,0.7661373308,0.7666737881,0.769486591,0.8083157459,0.7661373308,0.7644921351,0.8267933825,0.74061297,0.7520559123,0.7520559123,0.7433907478,0.7520559123,0.7944168237,0.74061297,0.7751548923,0.779588315],"8":[0.7687573378,0.8052918776,0.8022518363,0.7562128452,0.7716322872,0.7588182431,0.7734488478,0.7965890591,0.7953324335,0.7203373087,0.8022518363,0.7726021068,0.7694939288,0.7620965547,0.7540822738,0.7749833777,0.786534856,0.8092859815,0.7847903256,0.7667865339,0.8046116096,0.7203373087,0.7543363843,0.7203373087,0.7687984361,0.7669854695,0.7885565918,0.7785730877,0.7669854695,0.7733358358],"9":[0.7669327572,0.7846285448,0.7929006966,0.7494881351,0.75368991,0.7414703267,0.7915112253,0.7817562077,0.7803415949,0.7444414162,0.7769370101,0.7611282825,0.7864116277,0.7633164248,0.7477212252,0.7573188381,0.7812939935,0.7797085816,0.7897751142,0.7775189252,0.7915934718,0.7522419194,0.7540582804,0.7430525273,0.7410015068,0.7608996297,0.7930472693,0.7385903523,0.7715439509,0.7839490588]},"KrowDD":{"1":[0.7062539934,0.6651082599,0.7062539934,0.6767678583,0.722114202,0.6767678583,0.7062539934,0.7089117708,0.7707818191,0.722114202,0.6528846,0.7089117708,0.7062539934,0.7707818191,0.7062539934,0.6499956073,0.722114202,0.722114202,0.722114202],"2":[0.7544930402,0.7621027776,0.7651843166,0.7651843166,0.7769895394,0.7769729503,0.7621027776,0.7781619718,0.8143258451,0.7555211794,0.7544930402,0.7891314187,0.7769895394,0.7933764216,0.7544930402,0.7555211794,0.7769895394,0.7933114298,0.7933114298],"3":[0.7919498455,0.817906437,0.8219323878,0.8060154569,0.7964292085,0.8008296528,0.817906437,0.8488525926,0.8190877713,0.7836081261,0.7946192536,0.8185096499,0.7964292085,0.8181938421,0.7946192536,0.7912330382,0.8086178266,0.8086178266,0.8115698811],"4":[0.8433723118,0.8182945911,0.8191970228,0.8161835705,0.781564926,0.8161835705,0.8182945911,0.8400998738,0.8064320804,0.8082071932,0.8056462713,0.8378630293,0.8064320804,0.8300126257,0.8054066201,0.8084633004,0.8150333345,0.8176840571,0.8049117102],"5":[0.830721729,0.8161607751,0.8227508925,0.8139867261,0.8120454896,0.8245344746,0.8161607751,0.8438780536,0.8188051582,0.8043588469,0.8206637988,0.8187255906,0.8188051582,0.8277636846,0.8017455121,0.8126146925,0.8188051582,0.8111628916,0.8126146925],"6":[0.82363785,0.8143368102,0.8117952227,0.8106403112,0.8186219464,0.813053662,0.8143368102,0.829726352,0.8150306557,0.8143368102,0.8357187141,0.8113191316,0.8150306557,0.8057622949,0.7994013129,0.7994013129,0.8161692444,0.8194793364,0.8094712066],"7":[0.8109154201,0.8083931338,0.8125799669,0.8106009434,0.8083931338,0.8095402084,0.800470567,0.823044088,0.8171719093,0.800470567,0.8095402084,0.8186512144,0.8110473339,0.8196620324,0.8043811598,0.8095402084,0.8043811598,0.8171719093,0.8043811598],"8":[0.8091778447,0.7926814281,0.8235541226,0.7922701458,0.7941853589,0.8069470401,0.8019794895,0.8035022722,0.7977102268,0.8180084839,0.8069470401,0.8200744295,0.8035022722,0.7910531875,0.8035022722,0.7811488184,0.7976126725,0.8035022722,0.7988279503],"9":[0.793105955,0.7699634475,0.8075669253,0.8050199801,0.7699634475,0.793105955,0.793105955,0.793105955,0.793105955,0.8015038476,0.7848131376,0.8015038476,0.793105955,0.7962440832,0.793105955,0.7744953564,0.7784135532,0.793105955,0.793105955]},"Laypeople":{"1":[0.6767678583,0.6528846,0.5345996262,0.5345996262,0.5363147722,0.5680270031,0.6499956073,0.6651082599,0.5680270031,0.5345996262,0.5345996262,0.5680270031,0.7062539934,0.5106520749,0.5363147722,0.5106520749,0.5371234266,0.6528846,0.6767678583,0.6767678583],"2":[0.6893082744,0.715564301,0.7095302916,0.6851207091,0.5427515614,0.6974585456,0.6492658716,0.7427611288,0.593187719,0.5447352938,0.5447352938,0.7106413927,0.731771865,0.6729301442,0.5444786542,0.5769077588,0.593187719,0.6780324706,0.7427611288,0.7427611288],"3":[0.6765584734,0.7389709523,0.7137305524,0.7766992059,0.6998019462,0.7609540724,0.7534197096,0.8060864056,0.7257496692,0.5280494757,0.6937702996,0.7609540724,0.7459874269,0.7555756721,0.7632804181,0.7200636973,0.578815684,0.7221162319,0.7484566847,0.7484566847],"4":[0.773015419,0.7634131472,0.8228858513,0.7869743913,0.7776417375,0.7634131472,0.7715700075,0.8072282555,0.7785579962,0.5878404502,0.6915321405,0.7634131472,0.7832296725,0.7683975864,0.7639186227,0.7661343691,0.6862216106,0.7634131472,0.7290730225,0.7338376608],"5":[0.7767880247,0.759265399,0.8260485219,0.7902773452,0.7697013336,0.7757161417,0.8101403099,0.8119682681,0.7532393763,0.7319005508,0.7784574967,0.759265399,0.8212354143,0.8219899753,0.7897951808,0.7577693052,0.6559150074,0.759265399,0.7214965131,0.7215630191],"6":[0.7864464032,0.7526031517,0.8247159893,0.7683436761,0.7855902112,0.7611788318,0.8139844965,0.8059406814,0.7996533934,0.7665748694,0.7696860923,0.7565007328,0.8113354212,0.820184097,0.7889064097,0.7495971204,0.7625719636,0.7565007328,0.7523753474,0.759057495],"7":[0.7876990188,0.7751548923,0.8060588847,0.7751548923,0.7919666508,0.7906523378,0.8109154201,0.7732659854,0.8099404924,0.7636219165,0.7875456906,0.7491436749,0.8147254469,0.7846312403,0.7836509049,0.7248838766,0.7647584586,0.74061297,0.7348385453,0.7640721506],"8":[0.7814429456,0.7829861111,0.7943036454,0.795368407,0.7901031683,0.7685209312,0.8069470401,0.7543363843,0.7639867261,0.7795760022,0.7876672384,0.7203373087,0.8009897863,0.7713998906,0.7718537853,0.7515890891,0.7734488478,0.7203373087,0.732385627,0.7669854695],