{"Human":{"1":[0.5,0.6767678583,0.6282599754,0.6513928822,0.4868468868,0.4922766517,0.5,0.6528846,0.4965277778,0.4941341608,0.5,0.5068420149,0.6418621414,0.5,0.5212164958,0.5768986407,0.4998079196,0.5,0.5,0.5,0.5541666667,0.5135416667,0.6193414159,0.6369097821,0.6170438391,0.618434525,0.6528846,0.5928047729,0.6767678583,0.523834739],"2":[0.7521030006,0.7315667729,0.7496319291,0.7296960025,0.5998209313,0.4943052427,0.6471543851,0.6238335909,0.6540465332,0.6116403305,0.6249377369,0.5451860105,0.6819307339,0.6384141123,0.612140831,0.6789635047,0.6497703821,0.6617831761,0.5,0.5495487176,0.6531715059,0.5028997748,0.7012093876,0.6822804686,0.5812344259,0.6748916636,0.6573806187,0.6010006017,0.76151043,0.6538110251],"3":[0.7313871717,0.7553658712,0.7570968242,0.7893762113,0.6356574327,0.5031539352,0.7090878445,0.6875286856,0.6523344488,0.5971409574,0.7752128125,0.6225787956,0.7072953772,0.6535205085,0.6826013514,0.6432651401,0.7262452945,0.6322163087,0.5447275068,0.5187204658,0.7234573503,0.4919781816,0.7026855646,0.6979702941,0.6844260983,0.6625640601,0.6235371841,0.6921627745,0.7404329363,0.6667722909],"4":[0.7140187062,0.731677655,0.7762639135,0.8099225722,0.7035296101,0.5977482303,0.6866181175,0.7087801898,0.7274901065,0.7520531669,0.7421045048,0.7443364408,0.7167214422,0.690968179,0.675671699,0.7429084337,0.7386033806,0.7362693977,0.6960149644,0.54687099,0.7980101445,0.6383930972,0.7423893142,0.6801082,0.7442406169,0.5825120666,0.7357368173,0.7226194113,0.7493331929,0.7177507128],"5":[0.7321078226,0.7286170146,0.7876345428,0.806137404,0.707083147,0.7030147002,0.6973013905,0.7279538015,0.7773844489,0.6920667509,0.7977893618,0.7145926179,0.7327520339,0.7178675517,0.625151448,0.7254266567,0.7643869102,0.7387902364,0.623695321,0.7529347499,0.7903477447,0.7184797497,0.7657512233,0.7497089676,0.7499811148,0.7115189658,0.7167173324,0.7490385998,0.7457562283,0.7416652024],"6":[0.7782843848,0.7356980484,0.7668909268,0.7928421274,0.7008244115,0.7202746962,0.766440676,0.7358189473,0.8001954248,0.7205357452,0.7784056663,0.7383671071,0.7203995052,0.7501498506,0.6606320915,0.7468426871,0.7638660269,0.774545057,0.6601697276,0.6836673276,0.7338142498,0.7145593898,0.754287083,0.7123594672,0.7012994377,0.6741557215,0.7406185274,0.7430011794,0.761560114,0.716448147],"7":[0.762982181,0.7909892938,0.7812871216,0.7756359751,0.756129434,0.7209840326,0.7591407065,0.780041278,0.7917291793,0.7409240857,0.7637767921,0.6678978679,0.7434211639,0.7620606477,0.7190106995,0.7451659439,0.7862752546,0.790114566,0.7413384961,0.7502716813,0.8145459123,0.6982076491,0.6887983229,0.6887409684,0.7130377552,0.6939312484,0.7417412592,0.7187348918,0.7477261836,0.732865179],"8":[0.7903889428,0.7763831318,0.7862321264,0.783969924,0.7637210681,0.769568904,0.7615752887,0.790434467,0.788178704,0.7358297293,0.8035229212,0.7924067851,0.7455506204,0.7547885652,0.7651039004,0.7123290678,0.794365376,0.8036554507,0.7922403288,0.7309633437,0.8166187797,0.7123813807,0.7741976851,0.7186349415,0.774617786,0.78940904,0.8019976093,0.8045473166,0.7818461247,0.7651187258],"9":[0.7892552792,0.8218893594,0.7912264658,0.7933148408,0.7848606918,0.765092769,0.8051591651,0.7662686623,0.7772453138,0.7518076088,0.7969512731,0.7507916826,0.761761013,0.7874743926,0.8003120308,0.7617316785,0.7966146665,0.8064967893,0.8003425633,0.7778615717,0.7989230088,0.7722713738,0.8000688188,0.7775746824,0.7742280678,0.8199447952,0.7760235468,0.7709433669,0.8137853612,0.7832900553]},"KrowDD":{"1":[0.6294440052,0.6098639863,0.6239906795,0.6474109082,0.6384090873,0.6675497971,0.5940051754,0.6198216168,0.5430555556,0.5885268913,0.6620828941,0.6125521133,0.5463213213,0.5,0.67917066,0.5987654543,0.6099773976,0.5806482014,0.5804225768],"2":[0.6140277412,0.7272330509,0.7001222466,0.736024655,0.713536259,0.7286562327,0.6889490055,0.6929417449,0.714694931,0.7562159566,0.6931383012,0.7485015434,0.7446779226,0.7538699271,0.7407800753,0.6888192215,0.7105038216,0.6709750808,0.745881786],"3":[0.78377806,0.7868911797,0.7933620955,0.7441156582,0.7920480986,0.7545079321,0.7922426416,0.7529876951,0.7503609161,0.7517873259,0.7538565993,0.7847138029,0.7767208365,0.8045870338,0.7129531626,0.7242887169,0.7790067328,0.8120592501,0.796256213],"4":[0.78724158,0.7754878715,0.7729372158,0.7495648907,0.813362598,0.7108942387,0.7934269209,0.7579476418,0.7741472357,0.7808343417,0.7830783576,0.7825059934,0.7681698321,0.7858481653,0.8150872282,0.7611635073,0.7873497334,0.7844257156,0.7954260777],"5":[0.7904433855,0.8189243432,0.7377706164,0.7111377335,0.7653528861,0.7638470751,0.7932017955,0.7686241927,0.7672506782,0.8114221768,0.7628291689,0.8041238546,0.7492510629,0.8069843114,0.7680227934,0.7974522062,0.7531453328,0.7887247953,0.7633463417],"6":[0.7724931214,0.8192096518,0.763927691,0.749057901,0.7469098254,0.7545356028,0.7740071854,0.7807395827,0.7800001631,0.7132261916,0.7642785904,0.7936498999,0.7818503177,0.7741654054,0.8087935509,0.7876459405,0.7782490935,0.7747515967,0.8109797963],"7":[0.8248633607,0.7999119299,0.7834591906,0.797598546,0.7304241908,0.7485203788,0.7439027458,0.7498951412,0.7550843064,0.7482726909,0.7663701101,0.7824560431,0.8020719855,0.7928428595,0.8020811203,0.7463646326,0.763575527,0.7277353151,0.7687751415],"8":[0.8116313954,0.7871372203,0.7822367248,0.7704053289,0.7468004407,0.7492330262,0.7917302109,0.7430525772,0.7927122601,0.7765242137,0.7754786868,0.7770782917,0.801580104,0.78585136,0.7854358514,0.7253859245,0.7409636864,0.7958485081,0.7957398722],"9":[0.8003645268,0.808422302,0.7579646468,0.7772869612,0.7930437086,0.7716745669,0.7502817811,0.7512377238,0.7958736662,0.8073783225,0.7732162515,0.7835607549,0.8016915686,0.8207288572,0.7995924781,0.7903785102,0.7856313095,0.7740403136,0.7911870647]},"Laypeople":{"1":[0.6619029934,0.6528846,0.5099881797,0.4993055556,0.4972148345,0.5128472222,0.6083289406,0.6373304821,0.5,0.5,0.5,0.5137559102,0.6010895869,0.5,0.5,0.5,0.5062869385,0.6372596,0.6483399623,0.6518565108],"2":[0.6799391812,0.6734931075,0.7159038194,0.6314802835,0.5003472222,0.6505509166,0.5674657703,0.7422543721,0.5167140711,0.5170138889,0.5,0.6235980994,0.6856048535,0.6129683207,0.5086741329,0.5103009259,0.5177510622,0.6401116209,0.7427611288,0.7176896478],"3":[0.6947199027,0.6701925829,0.6540994119,0.7490092985,0.6142785904,0.6384436631,0.7360140559,0.7552567528,0.6579968433,0.5201093381,0.5782759322,0.7133273067,0.6891574919,0.6658615231,0.7444682382,0.6234646548,0.5301591651,0.6996254732,0.7289131385,0.7293658852],"4":[0.7309462388,0.7063941435,0.7320316327,0.7825096539,0.7422248379,0.7210043321,0.7393691897,0.7832291733,0.7456587239,0.5364619939,0.6670298789,0.719507606,0.7377085696,0.7627967562,0.7316536616,0.7209319692,0.646018026,0.7440454584,0.6815641606,0.6762376406],"5":[0.7870467209,0.7515251122,0.7719201748,0.7601565162,0.7433709474,0.7356861349,0.7705267601,0.794113362,0.7511244955,0.726030269,0.7823996204,0.7109589976,0.7564298008,0.736416037,0.7462738004,0.6939233615,0.6233824915,0.758030271,0.7016214685,0.7100829719],"6":[0.8014410188,0.735305485,0.7487836906,0.7713897075,0.7767757784,0.7113295476,0.7747440925,0.7684120956,0.7795481985,0.7271992238,0.7666964005,0.7525438337,0.7945898691,0.7281219883,0.7570220486,0.7597449012,0.7241148229,0.7417523241,0.7113317606,0.6924222261],"7":[0.7494614295,0.7815621805,0.7468126371,0.7809993671,0.8278700742,0.7797197297,0.7983779158,0.7724744692,0.7663520236,0.7504755088,0.7827410356,0.720219172,0.8056995659,0.7313130118,0.7846154166,0.7627341271,0.7457675262,0.6987899968,0.733689524,0.7702250622],"8":[0.7902106062,0.7376561402,0.793389999,0.7783855664,0.7795466178,0.7956523179,0.7513469587,0.7862763695,0.8040369159,0.7948776403,0.7906920052,0.7259251938,0.7924329083,0.7752073217,0.783365197,0.7701807026,0.7803041572,0.6932705811,0.7117496153,0.7517217184],