{"Human":{"1":[0.5106520749,0.6767678583,0.6528846,0.7062539934,0.5371234266,0.5371234266,0.5106520749,0.6528846,0.5345996262,0.5371234266,0.5345996262,0.5680270031,0.6528846,0.5106520749,0.5680270031,0.7707818191,0.5345996262,0.5345996262,0.5106520749,0.5345996262,0.7089117708,0.5363147722,0.6651082599,0.6767678583,0.6651082599,0.6767678583,0.6528846,0.6651082599,0.6767678583,0.5680270031],"2":[0.7760475569,0.7769729503,0.759556082,0.7638554113,0.6683801654,0.5394845976,0.6967098082,0.6626675379,0.6968253493,0.6683801654,0.6968253493,0.5809499992,0.7014750122,0.6703427829,0.6689095013,0.8175153877,0.6968253493,0.678076331,0.5440590191,0.5809499992,0.7850226224,0.538899854,0.7473907584,0.7473907584,0.7158458325,0.688413663,0.6741655053,0.6909060823,0.76151043,0.7091991925],"3":[0.7898592575,0.805193325,0.7895247142,0.8034592771,0.7511463758,0.557908274,0.7262142794,0.7619054061,0.6989641237,0.6914971321,0.7786632044,0.6925229585,0.783917295,0.7133159756,0.7069888539,0.8186802328,0.7773357799,0.6792880314,0.587478985,0.587478985,0.7893931498,0.557908274,0.7485179661,0.7485179661,0.7485179661,0.7198035303,0.6851208589,0.7342438349,0.7681583512,0.7631113494],"4":[0.7904881444,0.8180589665,0.8048593141,0.8063111649,0.7562812813,0.6702440805,0.732484995,0.7708987079,0.7811886188,0.7641695053,0.7854567167,0.7743658552,0.7867082342,0.7328069759,0.7069634129,0.8268462612,0.8030776621,0.7635208679,0.7057334429,0.6076173913,0.7986560364,0.6702440805,0.7642188232,0.7578719511,0.7472319227,0.7261147284,0.7727151187,0.7670921254,0.7734264184,0.7670921254],"5":[0.7886890048,0.8356296456,0.8124154906,0.807366592,0.7530519382,0.7244129103,0.7385192373,0.8165266497,0.8067297184,0.7677991655,0.8002957246,0.7787278469,0.7886070579,0.7723859165,0.705755839,0.8247968048,0.8034275133,0.7706440649,0.7097264652,0.7935928615,0.8066086698,0.7555803144,0.7645478091,0.758651221,0.7640600208,0.772100741,0.7833759291,0.7723859165,0.7822188711,0.7738010617],"6":[0.7956954295,0.8360643889,0.8265485898,0.8059221788,0.7520136493,0.7520136493,0.8133673234,0.8176228423,0.8326361767,0.7673488315,0.8353406432,0.7810482857,0.7883691537,0.7756198353,0.7099921065,0.8332066941,0.797422073,0.8235613273,0.7099921065,0.7909147345,0.825004426,0.7520136493,0.7810482857,0.7698163756,0.7673488315,0.7756198353,0.7875060899,0.7756198353,0.8086089247,0.7756198353],"7":[0.8047566849,0.8400871949,0.8235722425,0.8065963736,0.8042252858,0.8042252858,0.8172891142,0.8165306929,0.8401526859,0.7696759093,0.8336570114,0.7879455253,0.7952716846,0.8025870452,0.7831532164,0.8343083942,0.8078544136,0.8285552507,0.7831532164,0.8098830712,0.8384467746,0.7696759093,0.7879455253,0.7879455253,0.7696759093,0.7879455253,0.8126158572,0.7696759093,0.8150627023,0.8025870452],"8":[0.8112692147,0.846613352,0.8314472884,0.808219556,0.8097559994,0.8110601626,0.8227192119,0.8384209342,0.8547191806,0.7800681832,0.8314472884,0.8113783331,0.8233599124,0.8168589301,0.8035764155,0.8297916267,0.8046952371,0.8364810123,0.8258309673,0.8073508848,0.8407744513,0.7800681832,0.8109134567,0.7800681832,0.8072465418,0.8158752336,0.8223746686,0.8027166129,0.8158752336,0.8249646754],"9":[0.8230428567,0.8392584905,0.8384702189,0.8064208158,0.8164897278,0.8225344859,0.8313213147,0.8402889425,0.8546171504,0.8102909758,0.8350773646,0.8182767874,0.8371197993,0.826368972,0.8106797456,0.8296944551,0.8287285291,0.8351125727,0.8313213147,0.8219899421,0.839766229,0.8164897278,0.828088544,0.8102909758,0.8161951845,0.8237881831,0.839766229,0.8102909758,0.8321833136,0.8371197993]},"KrowDD":{"1":[0.7062539934,0.6767678583,0.7062539934,0.722114202,0.6767678583,0.722114202,0.7062539934,0.7062539934,0.7707818191,0.7062539934,0.6767678583,0.722114202,0.7062539934,0.6767678583,0.6651082599,0.6767678583,0.7089117708,0.6651082599,0.722114202],"2":[0.770700937,0.7683043915,0.7638554113,0.7758634133,0.7769729503,0.7758634133,0.7683043915,0.7638554113,0.7952617844,0.7638554113,0.7683043915,0.7758634133,0.7758634133,0.7683043915,0.7697081723,0.7683043915,0.7850226224,0.770700937,0.7758634133],"3":[0.821494999,0.8170866678,0.8034592771,0.8123292674,0.8028236015,0.7918783145,0.7812150581,0.7918783145,0.8215930359,0.7959684252,0.808071702,0.7918783145,0.7918783145,0.8028236015,0.8092018381,0.7812150581,0.8238925761,0.7959684252,0.8087392246],"4":[0.8319956426,0.8272579095,0.8063111649,0.8176287657,0.8278658978,0.8277510057,0.8077317677,0.8173055036,0.8319956426,0.829642841,0.8315159741,0.8173055036,0.8122352572,0.8173055036,0.8195288873,0.8077317677,0.8418021579,0.829642841,0.8176287657],"5":[0.8354606768,0.8349145855,0.8222639361,0.8356296456,0.8311729116,0.842623408,0.8178485167,0.8327780074,0.8413089785,0.8360792807,0.8356355358,0.8356355358,0.8147398229,0.8332385411,0.8199511346,0.8178485167,0.843657271,0.8360792807,0.8356296456],"6":[0.8409345349,0.8342782443,0.8292715089,0.8465470457,0.8439190188,0.8479507433,0.8210285086,0.8409345349,0.8465470457,0.8340025198,0.8350147521,0.8479507433,0.82734573,0.8409345349,0.822063087,0.8297019426,0.8479507433,0.8471527212,0.8465470457],"7":[0.8499468884,0.8463704396,0.8288464329,0.8408752503,0.8450437472,0.8438924962,0.8367827602,0.8499468884,0.8408752503,0.8334908712,0.8344680618,0.8438924962,0.8288464329,0.8499468884,0.8343286604,0.8368831098,0.8476728723,0.8432465877,0.8450437472],"8":[0.8458663451,0.8406771466,0.8375055741,0.8430144074,0.8458663451,0.8447965419,0.8434405316,0.8447965419,0.8447965419,0.8388777907,0.8435645253,0.8447965419,0.8375055741,0.8447965419,0.8402849658,0.8357627907,0.8492016285,0.8421583651,0.8418967338],"9":[0.8433565214,0.8421946548,0.8442963575,0.8471791772,0.8450702032,0.8442963575,0.8433565214,0.8442963575,0.8442963575,0.8422556366,0.8442963575,0.8442963575,0.8442963575,0.8496460057,0.838570502,0.8433565214,0.8529677117,0.8442963575,0.8439504831]},"Laypeople":{"1":[0.6767678583,0.6528846,0.5345996262,0.5345996262,0.5363147722,0.5680270031,0.6499956073,0.6651082599,0.5680270031,0.5345996262,0.5345996262,0.5680270031,0.7062539934,0.5106520749,0.5363147722,0.5106520749,0.5371234266,0.6528846,0.6767678583,0.6767678583],"2":[0.6893082744,0.7158458325,0.7074690881,0.6851207091,0.5627032951,0.6909060823,0.6549814941,0.7473907584,0.5866943573,0.5440590191,0.5440590191,0.7091991925,0.7136005687,0.6703427829,0.5586568949,0.5769077588,0.5866943573,0.6741655053,0.7473907584,0.7473907584],"3":[0.7045518258,0.7485179661,0.715273851,0.7773357799,0.7020032832,0.7631113494,0.7622175367,0.8003384701,0.7133577727,0.5656963979,0.6988096474,0.7631113494,0.7041017247,0.7649967953,0.7751485029,0.7198035303,0.5913306258,0.7237474176,0.7534335366,0.7534335366],"4":[0.7845327874,0.7670921254,0.8173720596,0.8030776621,0.7831332995,0.7670921254,0.7986560364,0.8072464253,0.7827293717,0.6076173913,0.7057334429,0.7670921254,0.7635208679,0.7837857805,0.7820561918,0.7699856772,0.672202738,0.7670921254,0.752704949,0.7574419],"5":[0.8035364154,0.7723859165,0.8237880334,0.8033410239,0.7891595219,0.7640600208,0.8175279002,0.8061697336,0.7811865722,0.7492437085,0.781641798,0.7723859165,0.822929096,0.8073915338,0.8008843618,0.772100741,0.6772980594,0.7723859165,0.7479979814,0.758651221],"6":[0.8075802198,0.7810482857,0.8428584502,0.8086089247,0.8009656598,0.7735175169,0.8430840914,0.803659627,0.8165522903,0.7942359747,0.7857934231,0.7673488315,0.8235613273,0.816856767,0.8164116909,0.7935868049,0.7716200409,0.7673488315,0.784750808,0.7756198353],"7":[0.8083057126,0.8150627023,0.8426736411,0.8150627023,0.8358955199,0.8142671428,0.8416012256,0.8132184212,0.8425916941,0.8223352175,0.8054067864,0.7749355739,0.8293767837,0.8228060341,0.8299837737,0.7912228219,0.797117197,0.7696759093,0.7873632609,0.8015127661],"8":[0.8242499814,0.8217859315,0.8379949431,0.831819935,0.8375376374,0.8112692147,0.8435645253,0.8109134567,0.8447686217,0.8322328812,0.8269505543,0.7800681832,0.8351503432,0.8285029544,0.8337550982,0.8203707531,0.8227192119,0.7800681832,0.7922647548,0.8158752336],