{"Human":{"1":[0.4443729105,0.5232258065,0.5993439957,0.5204761905,0.4814516129,0.4814516129,0.5038095238,0.5232258065,0.5232258065,0.4568329267,0.5232258065,0.5299837354,0.5782334869,0.5993439957,0.4814516129,0.5232258065,0.5437019969,0.5782334869,0.5232258065,0.5232258065,0.5993439957,0.5993439957,0.4956230234,0.5993439957,0.5782334869,0.5437019969,0.5993439957,0.4814516129,0.4956230234,0.5299837354,0.5993439957,0.5299837354,0.4956230234,0.5299837354,0.5232258065,0.5993439957,0.4814516129,0.4814516129],"2":[0.5527618144,0.5270353303,0.6572004157,0.59793955,0.4416040029,0.4416040029,0.4614519743,0.5437019969,0.5270353303,0.4416040029,0.5437019969,0.5266152526,0.6572004157,0.5802751875,0.5767814222,0.5437019969,0.5691994217,0.5956785488,0.5437019969,0.5437019969,0.599897985,0.6222022228,0.539249119,0.6214330894,0.5956785488,0.5691994217,0.6010106623,0.5150809614,0.5266152526,0.5266152526,0.5675117918,0.5150809614,0.5165236288,0.5321265926,0.5437019969,0.599897985,0.4853087558,0.4530110238],"3":[0.5428828951,0.5205236288,0.6941485949,0.597371284,0.54986523,0.54986523,0.5602537725,0.5437019969,0.5475115207,0.54986523,0.5425591398,0.6234833288,0.6583908918,0.641093702,0.5444832385,0.5437019969,0.6417596458,0.6104446553,0.5475115207,0.5425591398,0.6234833288,0.596885651,0.6206692871,0.6417596458,0.6104446553,0.5250820457,0.6143854703,0.5118820819,0.6060824975,0.4775029818,0.5925105268,0.5927042559,0.539249119,0.6026512153,0.6209092798,0.5539103641,0.5636133098,0.4913802295],"4":[0.5123795518,0.5889896991,0.683268004,0.6155110689,0.6232410319,0.5805693955,0.5976010211,0.6209092798,0.5475115207,0.5805693955,0.5095917593,0.5836931418,0.6675679046,0.6267183067,0.5452494353,0.5475115207,0.6420040661,0.6025289148,0.5306841963,0.5394900154,0.670424686,0.5723516762,0.6420040661,0.6874133008,0.6104446553,0.6029055751,0.6226711846,0.6035442758,0.6776871329,0.4539074275,0.5937962411,0.5930902684,0.6201454775,0.5968887232,0.6412358363,0.546614349,0.5878489654,0.589848107],"5":[0.5491945875,0.6049574862,0.6957051143,0.6805805548,0.623761724,0.5836685642,0.5976010211,0.6226711846,0.543249119,0.5836685642,0.5068298545,0.5604638113,0.6719152435,0.6263528056,0.5391696033,0.5129278937,0.64300253,0.6000457215,0.5968402006,0.5394900154,0.6406990603,0.5952243155,0.6405739586,0.6704213427,0.6568274148,0.6049381043,0.6718681666,0.5797598717,0.6881206289,0.449786392,0.5923408783,0.6612447818,0.6218121442,0.5800289148,0.6427120267,0.5450905394,0.6031543779,0.6121846481],"6":[0.6209819734,0.6049574862,0.7029006054,0.6875492003,0.6201902955,0.5537468149,0.5970772115,0.6719152435,0.6049574862,0.6433310744,0.5904931779,0.6276794524,0.6719152435,0.6700018975,0.559231228,0.5970772115,0.6199247312,0.6024742929,0.6514582091,0.5434900154,0.6362704888,0.5963274148,0.6309001988,0.6708219481,0.6687205656,0.6619676516,0.6846990151,0.638112858,0.6708219481,0.4977624017,0.6192580645,0.6433310744,0.6689616879,0.5966827053,0.6872428843,0.6122901419,0.6174484955,0.6164928165],"7":[0.6709983735,0.6689616879,0.6995485226,0.7107108069,0.595690431,0.5543658625,0.620345351,0.6604440228,0.5896367127,0.6230539442,0.6553487847,0.6230539442,0.6689616879,0.6846431282,0.6274208909,0.6604440228,0.6208771121,0.6024742929,0.6635336586,0.6024742929,0.6155082226,0.5936474654,0.6740141411,0.6726314719,0.6659110418,0.6564609199,0.6666118189,0.6398072648,0.6726314719,0.5844079245,0.5966592121,0.6608763441,0.6535274691,0.6144117647,0.6853513147,0.6331385199,0.6152436071,0.6720627993],"8":[0.6708137255,0.6853513147,0.6852211982,0.7089489021,0.6197206108,0.6197206108,0.6144117647,0.6574916418,0.6564825156,0.6197206108,0.6502444203,0.6416734436,0.6853513147,0.6887841782,0.6354985091,0.6899371555,0.5987544502,0.5880554803,0.6590462637,0.6651521641,0.6128730912,0.5665831752,0.6516543779,0.6668695672,0.6605875124,0.652884386,0.6679927713,0.6197206108,0.7022517846,0.5665831752,0.64017254,0.6416734436,0.676754902,0.6038377157,0.676754902,0.6197206108,0.6152436071,0.6493027921],"9":[0.6766204482,0.6814941719,0.6898878648,0.7089489021,0.6654797596,0.6215777537,0.6743739496,0.6739714015,0.6535777537,0.631946101,0.6535777537,0.6250463088,0.6743739496,0.7150327099,0.654743833,0.6860323936,0.5956474654,0.641657676,0.65641687,0.6551041836,0.6037125237,0.568438782,0.6516543779,0.6571266378,0.6605085841,0.6799476823,0.6564329086,0.6399591579,0.6946851902,0.6250463088,0.6391486401,0.6250463088,0.6743739496,0.6490941538,0.6707072829,0.6037125237,0.6759466884,0.6503980302]},"KrowDD":{"1":[0.5993439957,0.5993439957,0.5437019969,0.5437019969,0.5437019969,0.5437019969,0.5993439957,0.5437019969,0.5437019969,0.5437019969,0.5437019969,0.5437019969,0.5993439957,0.5782334869,0.5437019969,0.5437019969,0.5437019969,0.5437019969,0.5993439957],"2":[0.6214330894,0.6214330894,0.6214330894,0.5437019969,0.5437019969,0.6214330894,0.6214330894,0.5437019969,0.5437019969,0.5475115207,0.5437019969,0.6214330894,0.6214330894,0.6104446553,0.5437019969,0.6214330894,0.6104446553,0.5437019969,0.5956297099],"3":[0.6209092798,0.6719152435,0.6209092798,0.5437019969,0.539249119,0.6209092798,0.6214330894,0.5437019969,0.6214330894,0.6231949941,0.6209092798,0.6214330894,0.6209092798,0.6719152435,0.5437019969,0.6719152435,0.6719152435,0.5437019969,0.6199568989],"4":[0.6209092798,0.671391434,0.6047164091,0.6209092798,0.6025289148,0.671391434,0.6719152435,0.6209092798,0.6052402187,0.6228121442,0.6226711846,0.6719152435,0.5932647059,0.6727247673,0.6209092798,0.671391434,0.671391434,0.5475115207,0.6194330894],"5":[0.671391434,0.7035094877,0.6074965664,0.671391434,0.6674378784,0.6674378784,0.6727247673,0.671391434,0.5853298093,0.6218121442,0.6719152435,0.671391434,0.5848059998,0.6719152435,0.6226711846,0.6719152435,0.6600097587,0.6226711846,0.5890819554],"6":[0.6719152435,0.7009380591,0.6562685461,0.6557297371,0.6689616879,0.6562685461,0.6719152435,0.6674378784,0.5488803199,0.6218121442,0.6689616879,0.6719152435,0.6520451342,0.6581021054,0.5915428752,0.6872428843,0.6635811873,0.5915428752,0.5762130207],"7":[0.7009380591,0.6905986265,0.6577447366,0.6604440228,0.6577447366,0.6577447366,0.6872428843,0.6689616879,0.5516898437,0.6689616879,0.6577447366,0.7009380591,0.6310337038,0.6577447366,0.6533948676,0.7106267281,0.6505577392,0.6533948676,0.6418587693],"8":[0.6981432186,0.701013599,0.6451455679,0.6770666396,0.6895403,0.6895403,0.6853513147,0.658485136,0.6326569531,0.658485136,0.6456897533,0.6913390259,0.6310585976,0.6559317792,0.653622165,0.707075811,0.653622165,0.6469152887,0.644087648],"9":[0.6904235565,0.7011613807,0.6344600163,0.7019015993,0.6785429656,0.6904402277,0.6759466884,0.6551041836,0.6482880636,0.6476044547,0.6344600163,0.6869104545,0.635861977,0.6433490558,0.6535354206,0.7008847926,0.6535354206,0.6468802295,0.6763389808]}}